Provincia;Campo;Regione;Tot_2026-08-03;Tot_2026-09-07;Tot_2026-09-15;Tot_2026-10-01
AG;Numero operatori iscritti;Sicilia;2131;2151;2169;2210
AG;Numero unita locali iscritte;Sicilia;2579;2609;2631;2684
AG;di cui Centro di raccolta;Sicilia;24;24;25;25
AG;di cui Intermediario senza detenzione;Sicilia;50;50;50;50
AG;di cui Produttore;Sicilia;2384;2411;2432;2484
AG;di cui Recuperatore;Sicilia;82;83;83;85
AG;di cui Smaltitore;Sicilia;26;26;26;27
AG;di cui Trasportatore;Sicilia;341;348;350;352
AL;Numero operatori iscritti;Piemonte;2815;2836;2844;2872
AL;Numero unita locali iscritte;Piemonte;3459;3484;3490;3518
AL;di cui Centro di raccolta;Piemonte;23;25;25;25
AL;di cui Intermediario senza detenzione;Piemonte;53;53;54;54
AL;di cui Produttore;Piemonte;3292;3314;3318;3347
AL;di cui Recuperatore;Piemonte;143;145;146;146
AL;di cui Smaltitore;Piemonte;41;41;41;41
AL;di cui Trasportatore;Piemonte;392;392;393;404
AN;Numero operatori iscritti;Marche;3045;3062;3070;3099
AN;Numero unita locali iscritte;Marche;3815;3840;3852;3894
AN;di cui Centro di raccolta;Marche;26;26;26;28
AN;di cui Intermediario senza detenzione;Marche;50;50;50;50
AN;di cui Produttore;Marche;3679;3704;3715;3755
AN;di cui Recuperatore;Marche;182;183;183;185
AN;di cui Smaltitore;Marche;38;38;38;38
AN;di cui Trasportatore;Marche;360;360;362;364
AO;Numero operatori iscritti;Valle d'Aosta;767;773;777;784
AO;Numero unita locali iscritte;Valle d'Aosta;1041;1052;1057;1064
AO;di cui Centro di raccolta;Valle d'Aosta;30;30;30;30
AO;di cui Intermediario senza detenzione;Valle d'Aosta;9;9;9;9
AO;di cui Produttore;Valle d'Aosta;947;959;964;971
AO;di cui Recuperatore;Valle d'Aosta;36;36;36;36
AO;di cui Smaltitore;Valle d'Aosta;22;22;22;22
AO;di cui Trasportatore;Valle d'Aosta;163;166;167;167
AP;Numero operatori iscritti;Marche;1309;1315;1320;1339
AP;Numero unita locali iscritte;Marche;1620;1632;1639;1661
AP;di cui Centro di raccolta;Marche;12;12;12;12
AP;di cui Intermediario senza detenzione;Marche;32;32;32;32
AP;di cui Produttore;Marche;1556;1567;1573;1595
AP;di cui Recuperatore;Marche;69;71;71;71
AP;di cui Smaltitore;Marche;17;17;17;17
AP;di cui Trasportatore;Marche;158;158;160;161
AQ;Numero operatori iscritti;Abruzzo;1502;1517;1529;1560
AQ;Numero unita locali iscritte;Abruzzo;1987;2003;2016;2065
AQ;di cui Centro di raccolta;Abruzzo;26;26;26;26
AQ;di cui Intermediario senza detenzione;Abruzzo;34;34;34;34
AQ;di cui Produttore;Abruzzo;1871;1885;1898;1947
AQ;di cui Recuperatore;Abruzzo;83;83;83;83
AQ;di cui Smaltitore;Abruzzo;37;37;37;37
AQ;di cui Trasportatore;Abruzzo;296;298;298;301
AR;Numero operatori iscritti;Toscana;2674;2693;2707;2744
AR;Numero unita locali iscritte;Toscana;3324;3348;3364;3413
AR;di cui Centro di raccolta;Toscana;29;29;29;29
AR;di cui Intermediario senza detenzione;Toscana;30;30;30;30
AR;di cui Produttore;Toscana;3179;3202;3216;3266
AR;di cui Recuperatore;Toscana;94;94;95;95
AR;di cui Smaltitore;Toscana;27;27;27;27
AR;di cui Trasportatore;Toscana;322;323;327;328
AT;Numero operatori iscritti;Piemonte;1401;1411;1413;1423
AT;Numero unita locali iscritte;Piemonte;1853;1869;1872;1884
AT;di cui Centro di raccolta;Piemonte;13;13;13;13
AT;di cui Intermediario senza detenzione;Piemonte;16;16;16;16
AT;di cui Produttore;Piemonte;1721;1735;1738;1750
AT;di cui Recuperatore;Piemonte;62;62;62;62
AT;di cui Smaltitore;Piemonte;27;27;27;27
AT;di cui Trasportatore;Piemonte;245;250;251;252
AV;Numero operatori iscritti;Campania;2566;2584;2605;2646
AV;Numero unita locali iscritte;Campania;2976;3003;3025;3083
AV;di cui Centro di raccolta;Campania;16;17;17;18
AV;di cui Intermediario senza detenzione;Campania;61;61;61;62
AV;di cui Produttore;Campania;2825;2851;2873;2931
AV;di cui Recuperatore;Campania;102;102;102;103
AV;di cui Smaltitore;Campania;17;17;17;17
AV;di cui Trasportatore;Campania;351;351;352;355
BA;Numero operatori iscritti;Puglia;7045;7068;7107;7188
BA;Numero unita locali iscritte;Puglia;8547;8586;8637;8734
BA;di cui Centro di raccolta;Puglia;63;63;63;63
BA;di cui Intermediario senza detenzione;Puglia;160;160;160;160
BA;di cui Produttore;Puglia;8113;8150;8198;8297
BA;di cui Recuperatore;Puglia;207;208;208;209
BA;di cui Smaltitore;Puglia;39;39;39;39
BA;di cui Trasportatore;Puglia;1098;1101;1107;1118
BG;Numero operatori iscritti;Lombardia;7742;7792;7821;7907
BG;Numero unita locali iscritte;Lombardia;9691;9755;9795;9912
BG;di cui Centro di raccolta;Lombardia;179;182;183;186
BG;di cui Intermediario senza detenzione;Lombardia;217;219;219;221
BG;di cui Produttore;Lombardia;9134;9198;9235;9350
BG;di cui Recuperatore;Lombardia;323;325;325;325
BG;di cui Smaltitore;Lombardia;86;86;86;86
BG;di cui Trasportatore;Lombardia;1067;1073;1079;1090
BI;Numero operatori iscritti;Piemonte;1228;1235;1239;1250
BI;Numero unita locali iscritte;Piemonte;1415;1424;1428;1440
BI;di cui Centro di raccolta;Piemonte;11;11;11;11
BI;di cui Intermediario senza detenzione;Piemonte;20;20;20;20
BI;di cui Produttore;Piemonte;1373;1382;1386;1398
BI;di cui Recuperatore;Piemonte;65;64;64;64
BI;di cui Smaltitore;Piemonte;8;8;8;8
BI;di cui Trasportatore;Piemonte;136;137;138;138
BL;Numero operatori iscritti;Veneto;1342;1355;1358;1368
BL;Numero unita locali iscritte;Veneto;1790;1806;1812;1822
BL;di cui Centro di raccolta;Veneto;45;45;45;45
BL;di cui Intermediario senza detenzione;Veneto;16;16;16;16
BL;di cui Produttore;Veneto;1747;1762;1768;1778
BL;di cui Recuperatore;Veneto;42;42;42;42
BL;di cui Smaltitore;Veneto;28;28;28;28
BL;di cui Trasportatore;Veneto;104;105;105;104
BN;Numero operatori iscritti;Campania;1870;1881;1887;1912
BN;Numero unita locali iscritte;Campania;2250;2263;2269;2295
BN;di cui Centro di raccolta;Campania;25;26;26;26
BN;di cui Intermediario senza detenzione;Campania;49;49;49;49
BN;di cui Produttore;Campania;2096;2108;2114;2140
BN;di cui Recuperatore;Campania;84;84;84;84
BN;di cui Smaltitore;Campania;6;6;6;7
BN;di cui Trasportatore;Campania;291;292;290;288
BO;Numero operatori iscritti;Emilia Romagna;6183;6213;6235;6313
BO;Numero unita locali iscritte;Emilia Romagna;8128;8179;8211;8314
BO;di cui Centro di raccolta;Emilia Romagna;62;62;63;63
BO;di cui Intermediario senza detenzione;Emilia Romagna;127;129;129;131
BO;di cui Produttore;Emilia Romagna;7833;7883;7914;8013
BO;di cui Recuperatore;Emilia Romagna;186;186;186;186
BO;di cui Smaltitore;Emilia Romagna;44;44;44;44
BO;di cui Trasportatore;Emilia Romagna;747;758;760;767
BR;Numero operatori iscritti;Puglia;1946;1956;1979;2003
BR;Numero unita locali iscritte;Puglia;2345;2359;2384;2400
BR;di cui Centro di raccolta;Puglia;22;22;22;22
BR;di cui Intermediario senza detenzione;Puglia;35;35;35;36
BR;di cui Produttore;Puglia;2206;2220;2244;2259
BR;di cui Recuperatore;Puglia;86;86;87;88
BR;di cui Smaltitore;Puglia;29;29;29;29
BR;di cui Trasportatore;Puglia;391;392;392;398
BS;Numero operatori iscritti;Lombardia;9948;10009;10048;10162
BS;Numero unita locali iscritte;Lombardia;12453;12541;12592;12731
BS;di cui Centro di raccolta;Lombardia;194;194;194;196
BS;di cui Intermediario senza detenzione;Lombardia;332;335;336;336
BS;di cui Produttore;Lombardia;11639;11723;11769;11908
BS;di cui Recuperatore;Lombardia;517;521;524;524
BS;di cui Smaltitore;Lombardia;149;150;151;151
BS;di cui Trasportatore;Lombardia;1404;1414;1419;1427
BT;Numero operatori iscritti;Puglia;1923;1945;1958;1985
BT;Numero unita locali iscritte;Puglia;2162;2187;2203;2232
BT;di cui Centro di raccolta;Puglia;16;16;16;16
BT;di cui Intermediario senza detenzione;Puglia;30;31;31;31
BT;di cui Produttore;Puglia;2054;2078;2093;2123
BT;di cui Recuperatore;Puglia;77;77;77;77
BT;di cui Smaltitore;Puglia;12;12;12;12
BT;di cui Trasportatore;Puglia;245;246;247;252
BZ;Numero operatori iscritti;Trentino Alto Adige;2802;2835;2853;2923
BZ;Numero unita locali iscritte;Trentino Alto Adige;3849;3889;3910;4014
BZ;di cui Centro di raccolta;Trentino Alto Adige;0;0;0;0
BZ;di cui Intermediario senza detenzione;Trentino Alto Adige;47;47;48;50
BZ;di cui Produttore;Trentino Alto Adige;3484;3518;3537;3637
BZ;di cui Recuperatore;Trentino Alto Adige;337;341;342;343
BZ;di cui Smaltitore;Trentino Alto Adige;173;173;173;173
BZ;di cui Trasportatore;Trentino Alto Adige;438;444;445;450
CA;Numero operatori iscritti;Sardegna;2378;2410;2435;2491
CA;Numero unita locali iscritte;Sardegna;2909;2952;2980;3088
CA;di cui Centro di raccolta;Sardegna;35;35;35;35
CA;di cui Intermediario senza detenzione;Sardegna;84;84;86;87
CA;di cui Produttore;Sardegna;2627;2661;2687;2793
CA;di cui Recuperatore;Sardegna;69;70;72;73
CA;di cui Smaltitore;Sardegna;31;31;31;34
CA;di cui Trasportatore;Sardegna;590;599;602;609
CB;Numero operatori iscritti;Molise;1214;1222;1232;1254
CB;Numero unita locali iscritte;Molise;1635;1645;1657;1686
CB;di cui Centro di raccolta;Molise;44;44;44;47
CB;di cui Intermediario senza detenzione;Molise;22;22;22;22
CB;di cui Produttore;Molise;1509;1517;1529;1557
CB;di cui Recuperatore;Molise;54;54;54;54
CB;di cui Smaltitore;Molise;19;19;19;19
CB;di cui Trasportatore;Molise;198;200;200;202
CE;Numero operatori iscritti;Campania;5269;5310;5362;5477
CE;Numero unita locali iscritte;Campania;6044;6094;6170;6312
CE;di cui Centro di raccolta;Campania;43;44;44;46
CE;di cui Intermediario senza detenzione;Campania;146;148;148;148
CE;di cui Produttore;Campania;5497;5542;5616;5757
CE;di cui Recuperatore;Campania;268;268;269;271
CE;di cui Smaltitore;Campania;42;42;42;42
CE;di cui Trasportatore;Campania;982;994;997;1010
CH;Numero operatori iscritti;Abruzzo;2401;2424;2435;2467
CH;Numero unita locali iscritte;Abruzzo;3053;3080;3091;3128
CH;di cui Centro di raccolta;Abruzzo;31;31;31;31
CH;di cui Intermediario senza detenzione;Abruzzo;62;62;62;62
CH;di cui Produttore;Abruzzo;2891;2915;2925;2962
CH;di cui Recuperatore;Abruzzo;99;100;100;100
CH;di cui Smaltitore;Abruzzo;40;40;40;40
CH;di cui Trasportatore;Abruzzo;317;320;323;329
CI;Numero operatori iscritti;Sardegna;61;71;71;83
CI;Numero unita locali iscritte;Sardegna;72;85;85;138
CI;di cui Centro di raccolta;Sardegna;10;10;10;11
CI;di cui Intermediario senza detenzione;Sardegna;2;2;2;2
CI;di cui Produttore;Sardegna;52;64;64;116
CI;di cui Recuperatore;Sardegna;6;7;7;7
CI;di cui Smaltitore;Sardegna;3;3;3;4
CI;di cui Trasportatore;Sardegna;17;18;18;19
CL;Numero operatori iscritti;Sicilia;1158;1165;1174;1203
CL;Numero unita locali iscritte;Sicilia;1404;1426;1438;1470
CL;di cui Centro di raccolta;Sicilia;13;13;13;13
CL;di cui Intermediario senza detenzione;Sicilia;44;44;44;45
CL;di cui Produttore;Sicilia;1282;1303;1314;1345
CL;di cui Recuperatore;Sicilia;36;36;36;36
CL;di cui Smaltitore;Sicilia;22;22;22;22
CL;di cui Trasportatore;Sicilia;217;218;219;221
CN;Numero operatori iscritti;Piemonte;4129;4148;4163;4209
CN;Numero unita locali iscritte;Piemonte;5464;5488;5509;5562
CN;di cui Centro di raccolta;Piemonte;88;88;88;88
CN;di cui Intermediario senza detenzione;Piemonte;62;63;64;64
CN;di cui Produttore;Piemonte;5205;5231;5251;5304
CN;di cui Recuperatore;Piemonte;256;255;256;256
CN;di cui Smaltitore;Piemonte;41;41;41;41
CN;di cui Trasportatore;Piemonte;510;509;511;513
CO;Numero operatori iscritti;Lombardia;3615;3636;3647;3686
CO;Numero unita locali iscritte;Lombardia;4419;4447;4464;4513
CO;di cui Centro di raccolta;Lombardia;69;69;69;69
CO;di cui Intermediario senza detenzione;Lombardia;55;55;55;55
CO;di cui Produttore;Lombardia;4180;4205;4221;4265
CO;di cui Recuperatore;Lombardia;158;160;161;162
CO;di cui Smaltitore;Lombardia;36;37;37;38
CO;di cui Trasportatore;Lombardia;517;521;521;527
CR;Numero operatori iscritti;Lombardia;2271;2279;2292;2329
CR;Numero unita locali iscritte;Lombardia;2916;2922;2936;2983
CR;di cui Centro di raccolta;Lombardia;85;87;92;98
CR;di cui Intermediario senza detenzione;Lombardia;40;40;40;40
CR;di cui Produttore;Lombardia;2735;2740;2750;2789
CR;di cui Recuperatore;Lombardia;100;100;101;102
CR;di cui Smaltitore;Lombardia;32;32;32;33
CR;di cui Trasportatore;Lombardia;270;269;270;272
CS;Numero operatori iscritti;Calabria;2728;2762;2796;2876
CS;Numero unita locali iscritte;Calabria;3759;3803;3859;3954
CS;di cui Centro di raccolta;Calabria;31;32;34;38
CS;di cui Intermediario senza detenzione;Calabria;31;31;31;31
CS;di cui Produttore;Calabria;3583;3627;3683;3769
CS;di cui Recuperatore;Calabria;95;95;95;96
CS;di cui Smaltitore;Calabria;18;18;18;18
CS;di cui Trasportatore;Calabria;481;483;483;490
CT;Numero operatori iscritti;Sicilia;4154;4182;4202;4278
CT;Numero unita locali iscritte;Sicilia;4854;4887;4910;5012
CT;di cui Centro di raccolta;Sicilia;47;47;47;47
CT;di cui Intermediario senza detenzione;Sicilia;108;109;109;111
CT;di cui Produttore;Sicilia;4464;4490;4513;4614
CT;di cui Recuperatore;Sicilia;154;156;156;156
CT;di cui Smaltitore;Sicilia;43;43;43;43
CT;di cui Trasportatore;Sicilia;681;688;689;689
CZ;Numero operatori iscritti;Calabria;1830;1843;1856;1900
CZ;Numero unita locali iscritte;Calabria;2308;2323;2336;2390
CZ;di cui Centro di raccolta;Calabria;24;24;28;31
CZ;di cui Intermediario senza detenzione;Calabria;35;35;35;36
CZ;di cui Produttore;Calabria;2138;2153;2163;2211
CZ;di cui Recuperatore;Calabria;67;69;69;69
CZ;di cui Smaltitore;Calabria;18;18;18;18
CZ;di cui Trasportatore;Calabria;416;416;416;420
EN;Numero operatori iscritti;Sicilia;681;689;695;702
EN;Numero unita locali iscritte;Sicilia;797;806;812;821
EN;di cui Centro di raccolta;Sicilia;18;18;18;18
EN;di cui Intermediario senza detenzione;Sicilia;6;7;7;7
EN;di cui Produttore;Sicilia;714;722;728;737
EN;di cui Recuperatore;Sicilia;27;27;27;27
EN;di cui Smaltitore;Sicilia;9;9;9;9
EN;di cui Trasportatore;Sicilia;101;101;102;102
FC;Numero operatori iscritti;Emilia Romagna;2734;2752;2763;2793
FC;Numero unita locali iscritte;Emilia Romagna;3474;3496;3509;3547
FC;di cui Centro di raccolta;Emilia Romagna;23;23;23;23
FC;di cui Intermediario senza detenzione;Emilia Romagna;54;54;54;54
FC;di cui Produttore;Emilia Romagna;3329;3350;3363;3401
FC;di cui Recuperatore;Emilia Romagna;158;158;158;158
FC;di cui Smaltitore;Emilia Romagna;17;17;17;17
FC;di cui Trasportatore;Emilia Romagna;326;328;329;331
FE;Numero operatori iscritti;Emilia Romagna;1903;1917;1925;1947
FE;Numero unita locali iscritte;Emilia Romagna;2433;2462;2471;2503
FE;di cui Centro di raccolta;Emilia Romagna;27;27;27;27
FE;di cui Intermediario senza detenzione;Emilia Romagna;39;39;39;42
FE;di cui Produttore;Emilia Romagna;2338;2367;2376;2407
FE;di cui Recuperatore;Emilia Romagna;99;99;99;99
FE;di cui Smaltitore;Emilia Romagna;26;26;26;26
FE;di cui Trasportatore;Emilia Romagna;238;253;253;255
FG;Numero operatori iscritti;Puglia;2690;2746;2774;2834
FG;Numero unita locali iscritte;Puglia;3450;3513;3541;3631
FG;di cui Centro di raccolta;Puglia;42;44;44;50
FG;di cui Intermediario senza detenzione;Puglia;49;49;49;49
FG;di cui Produttore;Puglia;3131;3188;3216;3301
FG;di cui Recuperatore;Puglia;174;175;175;175
FG;di cui Smaltitore;Puglia;22;22;22;22
FG;di cui Trasportatore;Puglia;602;607;607;607
FI;Numero operatori iscritti;Toscana;7578;7640;7671;7743
FI;Numero unita locali iscritte;Toscana;9835;9916;9955;10047
FI;di cui Centro di raccolta;Toscana;22;22;22;22
FI;di cui Intermediario senza detenzione;Toscana;112;112;112;114
FI;di cui Produttore;Toscana;9333;9410;9447;9533
FI;di cui Recuperatore;Toscana;177;176;176;178
FI;di cui Smaltitore;Toscana;45;45;45;45
FI;di cui Trasportatore;Toscana;1122;1138;1144;1156
FM;Numero operatori iscritti;Marche;1418;1424;1430;1439
FM;Numero unita locali iscritte;Marche;1624;1630;1636;1646
FM;di cui Centro di raccolta;Marche;18;18;18;18
FM;di cui Intermediario senza detenzione;Marche;18;18;18;18
FM;di cui Produttore;Marche;1537;1543;1547;1557
FM;di cui Recuperatore;Marche;38;38;39;39
FM;di cui Smaltitore;Marche;14;14;14;14
FM;di cui Trasportatore;Marche;134;134;134;134
FR;Numero operatori iscritti;Lazio;2780;2803;2820;2876
FR;Numero unita locali iscritte;Lazio;3303;3326;3344;3407
FR;di cui Centro di raccolta;Lazio;27;27;27;28
FR;di cui Intermediario senza detenzione;Lazio;111;112;112;113
FR;di cui Produttore;Lazio;3052;3074;3092;3157
FR;di cui Recuperatore;Lazio;112;112;112;112
FR;di cui Smaltitore;Lazio;23;23;23;23
FR;di cui Trasportatore;Lazio;467;470;470;473
GE;Numero operatori iscritti;Liguria;3990;4020;4039;4093
GE;Numero unita locali iscritte;Liguria;5274;5315;5348;5414
GE;di cui Centro di raccolta;Liguria;31;31;31;31
GE;di cui Intermediario senza detenzione;Liguria;83;83;83;83
GE;di cui Produttore;Liguria;4891;4929;4962;5028
GE;di cui Recuperatore;Liguria;166;166;166;166
GE;di cui Smaltitore;Liguria;55;55;55;55
GE;di cui Trasportatore;Liguria;770;774;775;779
GO;Numero operatori iscritti;Friuli Venezia Giulia;845;851;851;860
GO;Numero unita locali iscritte;Friuli Venezia Giulia;1045;1052;1053;1065
GO;di cui Centro di raccolta;Friuli Venezia Giulia;11;11;11;11
GO;di cui Intermediario senza detenzione;Friuli Venezia Giulia;21;21;21;21
GO;di cui Produttore;Friuli Venezia Giulia;1010;1017;1017;1028
GO;di cui Recuperatore;Friuli Venezia Giulia;37;37;37;38
GO;di cui Smaltitore;Friuli Venezia Giulia;14;14;14;14
GO;di cui Trasportatore;Friuli Venezia Giulia;87;86;87;88
GR;Numero operatori iscritti;Toscana;1517;1533;1539;1554
GR;Numero unita locali iscritte;Toscana;1928;1946;1955;1976
GR;di cui Centro di raccolta;Toscana;25;25;25;25
GR;di cui Intermediario senza detenzione;Toscana;24;25;25;26
GR;di cui Produttore;Toscana;1832;1848;1856;1876
GR;di cui Recuperatore;Toscana;40;41;41;41
GR;di cui Smaltitore;Toscana;28;29;29;29
GR;di cui Trasportatore;Toscana;208;211;214;215
IM;Numero operatori iscritti;Liguria;1052;1059;1064;1078
IM;Numero unita locali iscritte;Liguria;1256;1263;1269;1294
IM;di cui Centro di raccolta;Liguria;16;16;16;17
IM;di cui Intermediario senza detenzione;Liguria;17;17;17;18
IM;di cui Produttore;Liguria;1172;1178;1183;1209
IM;di cui Recuperatore;Liguria;37;37;37;37
IM;di cui Smaltitore;Liguria;13;13;13;13
IM;di cui Trasportatore;Liguria;180;182;183;184
IS;Numero operatori iscritti;Molise;602;613;617;632
IS;Numero unita locali iscritte;Molise;737;749;753;774
IS;di cui Centro di raccolta;Molise;10;10;10;12
IS;di cui Intermediario senza detenzione;Molise;16;16;15;15
IS;di cui Produttore;Molise;672;684;688;709
IS;di cui Recuperatore;Molise;30;30;30;30
IS;di cui Smaltitore;Molise;4;4;4;4
IS;di cui Trasportatore;Molise;116;116;117;118
KR;Numero operatori iscritti;Calabria;733;739;746;755
KR;Numero unita locali iscritte;Calabria;936;942;950;965
KR;di cui Centro di raccolta;Calabria;6;6;6;6
KR;di cui Intermediario senza detenzione;Calabria;15;15;15;15
KR;di cui Produttore;Calabria;841;847;854;868
KR;di cui Recuperatore;Calabria;47;47;47;48
KR;di cui Smaltitore;Calabria;20;20;20;20
KR;di cui Trasportatore;Calabria;165;166;167;167
LC;Numero operatori iscritti;Lombardia;2545;2562;2571;2594
LC;Numero unita locali iscritte;Lombardia;3130;3150;3161;3190
LC;di cui Centro di raccolta;Lombardia;58;58;58;59
LC;di cui Intermediario senza detenzione;Lombardia;45;46;46;48
LC;di cui Produttore;Lombardia;2984;3003;3014;3042
LC;di cui Recuperatore;Lombardia;87;87;87;89
LC;di cui Smaltitore;Lombardia;21;21;21;23
LC;di cui Trasportatore;Lombardia;347;348;348;352
LE;Numero operatori iscritti;Puglia;4039;4060;4076;4128
LE;Numero unita locali iscritte;Puglia;4854;4887;4905;4966
LE;di cui Centro di raccolta;Puglia;105;105;105;106
LE;di cui Intermediario senza detenzione;Puglia;87;87;87;87
LE;di cui Produttore;Puglia;4608;4639;4657;4718
LE;di cui Recuperatore;Puglia;137;139;139;139
LE;di cui Smaltitore;Puglia;66;66;66;66
LE;di cui Trasportatore;Puglia;568;571;573;576
LI;Numero operatori iscritti;Toscana;1816;1822;1830;1857
LI;Numero unita locali iscritte;Toscana;2316;2325;2335;2372
LI;di cui Centro di raccolta;Toscana;23;23;23;23
LI;di cui Intermediario senza detenzione;Toscana;46;46;46;46
LI;di cui Produttore;Toscana;2211;2220;2229;2265
LI;di cui Recuperatore;Toscana;67;67;67;67
LI;di cui Smaltitore;Toscana;31;31;31;31
LI;di cui Trasportatore;Toscana;265;267;268;274
LO;Numero operatori iscritti;Lombardia;1362;1370;1377;1391
LO;Numero unita locali iscritte;Lombardia;1740;1748;1755;1772
LO;di cui Centro di raccolta;Lombardia;58;58;59;59
LO;di cui Intermediario senza detenzione;Lombardia;24;24;23;23
LO;di cui Produttore;Lombardia;1617;1625;1632;1647
LO;di cui Recuperatore;Lombardia;60;60;60;61
LO;di cui Smaltitore;Lombardia;20;20;20;20
LO;di cui Trasportatore;Lombardia;151;151;151;154
LT;Numero operatori iscritti;Lazio;3349;3375;3390;3444
LT;Numero unita locali iscritte;Lazio;3973;4005;4022;4077
LT;di cui Centro di raccolta;Lazio;28;28;28;29
LT;di cui Intermediario senza detenzione;Lazio;77;76;76;76
LT;di cui Produttore;Lazio;3714;3746;3763;3817
LT;di cui Recuperatore;Lazio;105;107;107;107
LT;di cui Smaltitore;Lazio;38;39;39;37
LT;di cui Trasportatore;Lazio;556;560;561;566
LU;Numero operatori iscritti;Toscana;2484;2494;2504;2539
LU;Numero unita locali iscritte;Toscana;3267;3282;3292;3331
LU;di cui Centro di raccolta;Toscana;27;27;27;27
LU;di cui Intermediario senza detenzione;Toscana;64;64;64;65
LU;di cui Produttore;Toscana;3105;3120;3130;3168
LU;di cui Recuperatore;Toscana;82;82;82;82
LU;di cui Smaltitore;Toscana;20;20;20;20
LU;di cui Trasportatore;Toscana;374;377;379;388
MB;Numero operatori iscritti;Lombardia;5632;5666;5694;5753
MB;Numero unita locali iscritte;Lombardia;6662;6706;6739;6813
MB;di cui Centro di raccolta;Lombardia;10;10;10;10
MB;di cui Intermediario senza detenzione;Lombardia;131;132;132;132
MB;di cui Produttore;Lombardia;6216;6260;6291;6365
MB;di cui Recuperatore;Lombardia;241;241;240;242
MB;di cui Smaltitore;Lombardia;91;91;91;91
MB;di cui Trasportatore;Lombardia;966;969;974;979
MC;Numero operatori iscritti;Marche;2514;2521;2527;2553
MC;Numero unita locali iscritte;Marche;3057;3068;3074;3103
MC;di cui Centro di raccolta;Marche;34;34;34;34
MC;di cui Intermediario senza detenzione;Marche;40;40;40;40
MC;di cui Produttore;Marche;2890;2901;2906;2934
MC;di cui Recuperatore;Marche;156;158;159;159
MC;di cui Smaltitore;Marche;47;47;47;47
MC;di cui Trasportatore;Marche;304;305;306;306
ME;Numero operatori iscritti;Sicilia;2678;2693;2715;2768
ME;Numero unita locali iscritte;Sicilia;3190;3213;3242;3308
ME;di cui Centro di raccolta;Sicilia;38;38;39;40
ME;di cui Intermediario senza detenzione;Sicilia;41;41;42;42
ME;di cui Produttore;Sicilia;2918;2937;2965;3029
ME;di cui Recuperatore;Sicilia;84;84;85;86
ME;di cui Smaltitore;Sicilia;12;12;12;12
ME;di cui Trasportatore;Sicilia;491;497;498;507
MI;Numero operatori iscritti;Lombardia;16625;16733;16802;17024
MI;Numero unita locali iscritte;Lombardia;21836;21980;22086;22374
MI;di cui Centro di raccolta;Lombardia;81;81;79;80
MI;di cui Intermediario senza detenzione;Lombardia;673;674;676;678
MI;di cui Produttore;Lombardia;20472;20613;20720;21001
MI;di cui Recuperatore;Lombardia;649;650;652;652
MI;di cui Smaltitore;Lombardia;336;336;336;336
MI;di cui Trasportatore;Lombardia;2357;2368;2372;2391
MN;Numero operatori iscritti;Lombardia;2778;2781;2794;2830
MN;Numero unita locali iscritte;Lombardia;3518;3523;3541;3580
MN;di cui Centro di raccolta;Lombardia;52;52;52;52
MN;di cui Intermediario senza detenzione;Lombardia;51;51;51;51
MN;di cui Produttore;Lombardia;3365;3370;3387;3426
MN;di cui Recuperatore;Lombardia;131;131;131;132
MN;di cui Smaltitore;Lombardia;46;46;46;47
MN;di cui Trasportatore;Lombardia;343;343;344;347
MO;Numero operatori iscritti;Emilia Romagna;4609;4639;4657;4702
MO;Numero unita locali iscritte;Emilia Romagna;5959;5998;6023;6077
MO;di cui Centro di raccolta;Emilia Romagna;58;58;60;60
MO;di cui Intermediario senza detenzione;Emilia Romagna;70;70;71;72
MO;di cui Produttore;Emilia Romagna;5749;5787;5810;5862
MO;di cui Recuperatore;Emilia Romagna;194;195;195;196
MO;di cui Smaltitore;Emilia Romagna;37;37;37;37
MO;di cui Trasportatore;Emilia Romagna;508;510;511;519
MS;Numero operatori iscritti;Toscana;1139;1146;1151;1164
MS;Numero unita locali iscritte;Toscana;1443;1451;1456;1471
MS;di cui Centro di raccolta;Toscana;5;5;5;5
MS;di cui Intermediario senza detenzione;Toscana;19;19;19;19
MS;di cui Produttore;Toscana;1372;1380;1385;1399
MS;di cui Recuperatore;Toscana;24;24;24;24
MS;di cui Smaltitore;Toscana;10;10;10;10
MS;di cui Trasportatore;Toscana;156;157;158;159
MT;Numero operatori iscritti;Basilicata;1153;1163;1170;1197
MT;Numero unita locali iscritte;Basilicata;1504;1518;1526;1558
MT;di cui Centro di raccolta;Basilicata;23;23;23;23
MT;di cui Intermediario senza detenzione;Basilicata;31;31;31;31
MT;di cui Produttore;Basilicata;1420;1435;1443;1473
MT;di cui Recuperatore;Basilicata;59;60;60;60
MT;di cui Smaltitore;Basilicata;11;11;11;11
MT;di cui Trasportatore;Basilicata;212;213;215;219
NA;Numero operatori iscritti;Campania;13301;13392;13506;13765
NA;Numero unita locali iscritte;Campania;16060;16171;16307;16613
NA;di cui Centro di raccolta;Campania;108;110;111;111
NA;di cui Intermediario senza detenzione;Campania;427;427;428;429
NA;di cui Produttore;Campania;15031;15143;15280;15583
NA;di cui Recuperatore;Campania;364;366;367;368
NA;di cui Smaltitore;Campania;66;66;66;66
NA;di cui Trasportatore;Campania;2119;2132;2137;2166
NO;Numero operatori iscritti;Piemonte;2308;2322;2332;2367
NO;Numero unita locali iscritte;Piemonte;2883;2905;2917;2955
NO;di cui Centro di raccolta;Piemonte;47;47;47;49
NO;di cui Intermediario senza detenzione;Piemonte;39;39;39;38
NO;di cui Produttore;Piemonte;2721;2743;2755;2791
NO;di cui Recuperatore;Piemonte;99;101;101;101
NO;di cui Smaltitore;Piemonte;38;39;39;39
NO;di cui Trasportatore;Piemonte;269;271;271;277
NU;Numero operatori iscritti;Sardegna;948;955;957;972
NU;Numero unita locali iscritte;Sardegna;1289;1297;1299;1302
NU;di cui Centro di raccolta;Sardegna;65;65;65;65
NU;di cui Intermediario senza detenzione;Sardegna;12;12;12;12
NU;di cui Produttore;Sardegna;1149;1157;1159;1162
NU;di cui Recuperatore;Sardegna;34;33;33;33
NU;di cui Smaltitore;Sardegna;14;14;14;13
NU;di cui Trasportatore;Sardegna;229;227;227;231
OG;Numero operatori iscritti;Sardegna;35;38;42;49
OG;Numero unita locali iscritte;Sardegna;45;48;52;73
OG;di cui Centro di raccolta;Sardegna;3;3;3;3
OG;di cui Intermediario senza detenzione;Sardegna;2;2;2;3
OG;di cui Produttore;Sardegna;39;42;45;64
OG;di cui Recuperatore;Sardegna;2;3;3;3
OG;di cui Smaltitore;Sardegna;0;0;0;1
OG;di cui Trasportatore;Sardegna;2;4;6;7
OR;Numero operatori iscritti;Sardegna;847;852;854;860
OR;Numero unita locali iscritte;Sardegna;1205;1214;1221;1233
OR;di cui Centro di raccolta;Sardegna;56;56;56;56
OR;di cui Intermediario senza detenzione;Sardegna;9;9;9;9
OR;di cui Produttore;Sardegna;1105;1114;1121;1133
OR;di cui Recuperatore;Sardegna;34;35;35;35
OR;di cui Smaltitore;Sardegna;13;13;13;13
OR;di cui Trasportatore;Sardegna;178;178;179;180
OT;Numero operatori iscritti;Sardegna;106;116;128;150
OT;Numero unita locali iscritte;Sardegna;124;139;151;251
OT;di cui Centro di raccolta;Sardegna;5;5;5;5
OT;di cui Intermediario senza detenzione;Sardegna;2;2;2;2
OT;di cui Produttore;Sardegna;120;134;145;243
OT;di cui Recuperatore;Sardegna;2;2;2;6
OT;di cui Smaltitore;Sardegna;0;0;0;5
OT;di cui Trasportatore;Sardegna;8;9;11;14
PA;Numero operatori iscritti;Sicilia;4619;4670;4705;4825
PA;Numero unita locali iscritte;Sicilia;5865;5936;5970;6141
PA;di cui Centro di raccolta;Sicilia;39;40;40;43
PA;di cui Intermediario senza detenzione;Sicilia;55;55;55;55
PA;di cui Produttore;Sicilia;5297;5367;5399;5564
PA;di cui Recuperatore;Sicilia;112;112;112;112
PA;di cui Smaltitore;Sicilia;46;46;46;46
PA;di cui Trasportatore;Sicilia;1004;1016;1019;1026
PC;Numero operatori iscritti;Emilia Romagna;2002;2016;2024;2050
PC;Numero unita locali iscritte;Emilia Romagna;2575;2590;2599;2631
PC;di cui Centro di raccolta;Emilia Romagna;51;51;51;51
PC;di cui Intermediario senza detenzione;Emilia Romagna;29;30;30;30
PC;di cui Produttore;Emilia Romagna;2449;2463;2472;2501
PC;di cui Recuperatore;Emilia Romagna;85;85;85;85
PC;di cui Smaltitore;Emilia Romagna;16;16;16;15
PC;di cui Trasportatore;Emilia Romagna;261;262;262;265
PD;Numero operatori iscritti;Veneto;6648;6687;6709;6782
PD;Numero unita locali iscritte;Veneto;8247;8301;8332;8418
PD;di cui Centro di raccolta;Veneto;55;55;55;55
PD;di cui Intermediario senza detenzione;Veneto;118;119;119;120
PD;di cui Produttore;Veneto;7950;8004;8035;8121
PD;di cui Recuperatore;Veneto;263;264;265;264
PD;di cui Smaltitore;Veneto;83;83;83;83
PD;di cui Trasportatore;Veneto;688;689;689;697
PE;Numero operatori iscritti;Abruzzo;1622;1635;1642;1677
PE;Numero unita locali iscritte;Abruzzo;1917;1928;1937;1974
PE;di cui Centro di raccolta;Abruzzo;8;8;8;8
PE;di cui Intermediario senza detenzione;Abruzzo;37;37;37;37
PE;di cui Produttore;Abruzzo;1779;1790;1799;1834
PE;di cui Recuperatore;Abruzzo;56;56;56;56
PE;di cui Smaltitore;Abruzzo;16;16;16;16
PE;di cui Trasportatore;Abruzzo;272;273;275;281
PG;Numero operatori iscritti;Umbria;5300;5332;5353;5396
PG;Numero unita locali iscritte;Umbria;6678;6714;6741;6795
PG;di cui Centro di raccolta;Umbria;48;48;48;48
PG;di cui Intermediario senza detenzione;Umbria;78;80;80;80
PG;di cui Produttore;Umbria;6346;6383;6411;6460
PG;di cui Recuperatore;Umbria;179;178;178;177
PG;di cui Smaltitore;Umbria;55;55;55;55
PG;di cui Trasportatore;Umbria;677;682;683;690
PI;Numero operatori iscritti;Toscana;3038;3059;3082;3131
PI;Numero unita locali iscritte;Toscana;3864;3889;3914;3970
PI;di cui Centro di raccolta;Toscana;33;33;33;33
PI;di cui Intermediario senza detenzione;Toscana;71;71;72;72
PI;di cui Produttore;Toscana;3639;3663;3685;3740
PI;di cui Recuperatore;Toscana;102;102;103;103
PI;di cui Smaltitore;Toscana;41;41;41;41
PI;di cui Trasportatore;Toscana;423;426;428;436
PN;Numero operatori iscritti;Friuli Venezia Giulia;2292;2304;2314;2332
PN;Numero unita locali iscritte;Friuli Venezia Giulia;3023;3044;3058;3080
PN;di cui Centro di raccolta;Friuli Venezia Giulia;83;83;83;83
PN;di cui Intermediario senza detenzione;Friuli Venezia Giulia;39;39;39;39
PN;di cui Produttore;Friuli Venezia Giulia;2863;2883;2897;2919
PN;di cui Recuperatore;Friuli Venezia Giulia;126;128;128;128
PN;di cui Smaltitore;Friuli Venezia Giulia;27;27;27;27
PN;di cui Trasportatore;Friuli Venezia Giulia;211;212;212;216
PO;Numero operatori iscritti;Toscana;2979;2995;3007;3075
PO;Numero unita locali iscritte;Toscana;3427;3446;3458;3530
PO;di cui Centro di raccolta;Toscana;3;3;3;3
PO;di cui Intermediario senza detenzione;Toscana;31;31;31;31
PO;di cui Produttore;Toscana;3250;3268;3280;3352
PO;di cui Recuperatore;Toscana;105;105;105;104
PO;di cui Smaltitore;Toscana;14;14;14;14
PO;di cui Trasportatore;Toscana;308;309;309;314
PR;Numero operatori iscritti;Emilia Romagna;2912;2937;2949;2984
PR;Numero unita locali iscritte;Emilia Romagna;3782;3815;3830;3872
PR;di cui Centro di raccolta;Emilia Romagna;55;55;55;56
PR;di cui Intermediario senza detenzione;Emilia Romagna;62;62;62;62
PR;di cui Produttore;Emilia Romagna;3642;3672;3686;3724
PR;di cui Recuperatore;Emilia Romagna;97;97;97;98
PR;di cui Smaltitore;Emilia Romagna;28;28;28;28
PR;di cui Trasportatore;Emilia Romagna;319;321;323;332
PT;Numero operatori iscritti;Toscana;1985;1997;2010;2040
PT;Numero unita locali iscritte;Toscana;2448;2463;2481;2515
PT;di cui Centro di raccolta;Toscana;9;9;9;9
PT;di cui Intermediario senza detenzione;Toscana;21;21;21;21
PT;di cui Produttore;Toscana;2288;2302;2320;2352
PT;di cui Recuperatore;Toscana;59;59;59;59
PT;di cui Smaltitore;Toscana;17;17;17;17
PT;di cui Trasportatore;Toscana;295;297;297;301
PU;Numero operatori iscritti;Marche;2562;2574;2584;2606
PU;Numero unita locali iscritte;Marche;3324;3338;3352;3376
PU;di cui Centro di raccolta;Marche;29;29;29;29
PU;di cui Intermediario senza detenzione;Marche;45;45;45;46
PU;di cui Produttore;Marche;3178;3191;3206;3228
PU;di cui Recuperatore;Marche;118;120;120;121
PU;di cui Smaltitore;Marche;26;26;26;26
PU;di cui Trasportatore;Marche;289;290;290;295
PV;Numero operatori iscritti;Lombardia;3162;3184;3201;3242
PV;Numero unita locali iscritte;Lombardia;3998;4024;4046;4097
PV;di cui Centro di raccolta;Lombardia;67;67;70;78
PV;di cui Intermediario senza detenzione;Lombardia;84;84;84;83
PV;di cui Produttore;Lombardia;3711;3734;3753;3797
PV;di cui Recuperatore;Lombardia;183;183;183;184
PV;di cui Smaltitore;Lombardia;62;62;62;62
PV;di cui Trasportatore;Lombardia;446;449;449;455
PZ;Numero operatori iscritti;Basilicata;2053;2073;2089;2118
PZ;Numero unita locali iscritte;Basilicata;2897;2921;2945;2999
PZ;di cui Centro di raccolta;Basilicata;64;64;67;69
PZ;di cui Intermediario senza detenzione;Basilicata;43;43;43;43
PZ;di cui Produttore;Basilicata;2682;2706;2727;2779
PZ;di cui Recuperatore;Basilicata;71;72;72;72
PZ;di cui Smaltitore;Basilicata;14;14;14;14
PZ;di cui Trasportatore;Basilicata;449;451;452;456
RA;Numero operatori iscritti;Emilia Romagna;2302;2314;2319;2337
RA;Numero unita locali iscritte;Emilia Romagna;3102;3131;3139;3158
RA;di cui Centro di raccolta;Emilia Romagna;30;30;31;31
RA;di cui Intermediario senza detenzione;Emilia Romagna;50;50;50;50
RA;di cui Produttore;Emilia Romagna;2953;2981;2988;3005
RA;di cui Recuperatore;Emilia Romagna;133;135;135;137
RA;di cui Smaltitore;Emilia Romagna;42;42;42;42
RA;di cui Trasportatore;Emilia Romagna;246;247;247;250
RC;Numero operatori iscritti;Calabria;2094;2114;2131;2189
RC;Numero unita locali iscritte;Calabria;2381;2408;2428;2494
RC;di cui Centro di raccolta;Calabria;13;13;13;13
RC;di cui Intermediario senza detenzione;Calabria;29;29;29;29
RC;di cui Produttore;Calabria;2185;2208;2228;2292
RC;di cui Recuperatore;Calabria;69;69;71;71
RC;di cui Smaltitore;Calabria;18;18;18;18
RC;di cui Trasportatore;Calabria;409;413;414;417
RE;Numero operatori iscritti;Emilia Romagna;3221;3240;3252;3288
RE;Numero unita locali iscritte;Emilia Romagna;4229;4252;4266;4309
RE;di cui Centro di raccolta;Emilia Romagna;68;68;68;68
RE;di cui Intermediario senza detenzione;Emilia Romagna;34;34;34;38
RE;di cui Produttore;Emilia Romagna;4071;4093;4106;4145
RE;di cui Recuperatore;Emilia Romagna;126;127;127;128
RE;di cui Smaltitore;Emilia Romagna;31;31;31;31
RE;di cui Trasportatore;Emilia Romagna;343;344;345;348
RG;Numero operatori iscritti;Sicilia;1544;1556;1567;1613
RG;Numero unita locali iscritte;Sicilia;1824;1836;1847;1891
RG;di cui Centro di raccolta;Sicilia;6;6;6;7
RG;di cui Intermediario senza detenzione;Sicilia;19;19;20;20
RG;di cui Produttore;Sicilia;1725;1737;1748;1793
RG;di cui Recuperatore;Sicilia;51;51;51;51
RG;di cui Smaltitore;Sicilia;19;19;19;19
RG;di cui Trasportatore;Sicilia;169;169;169;173
RI;Numero operatori iscritti;Lazio;770;776;779;789
RI;Numero unita locali iscritte;Lazio;1036;1043;1046;1057
RI;di cui Centro di raccolta;Lazio;10;10;10;10
RI;di cui Intermediario senza detenzione;Lazio;10;10;10;10
RI;di cui Produttore;Lazio;978;985;988;1000
RI;di cui Recuperatore;Lazio;35;35;35;34
RI;di cui Smaltitore;Lazio;5;5;5;5
RI;di cui Trasportatore;Lazio;110;110;110;109
RM;Numero operatori iscritti;Lazio;17117;17269;17393;17735
RM;Numero unita locali iscritte;Lazio;22356;22575;22735;23174
RM;di cui Centro di raccolta;Lazio;98;101;101;107
RM;di cui Intermediario senza detenzione;Lazio;575;576;577;582
RM;di cui Produttore;Lazio;20788;21002;21157;21581
RM;di cui Recuperatore;Lazio;315;316;316;317
RM;di cui Smaltitore;Lazio;99;101;101;101
RM;di cui Trasportatore;Lazio;3200;3216;3225;3252
RN;Numero operatori iscritti;Emilia Romagna;1893;1898;1904;1924
RN;Numero unita locali iscritte;Emilia Romagna;2315;2323;2330;2349
RN;di cui Centro di raccolta;Emilia Romagna;15;15;15;15
RN;di cui Intermediario senza detenzione;Emilia Romagna;30;30;30;30
RN;di cui Produttore;Emilia Romagna;2205;2214;2220;2238
RN;di cui Recuperatore;Emilia Romagna;57;57;57;57
RN;di cui Smaltitore;Emilia Romagna;12;12;12;12
RN;di cui Trasportatore;Emilia Romagna;209;209;210;212
RO;Numero operatori iscritti;Veneto;1609;1620;1628;1647
RO;Numero unita locali iscritte;Veneto;1960;1975;1984;2005
RO;di cui Centro di raccolta;Veneto;18;18;19;19
RO;di cui Intermediario senza detenzione;Veneto;22;22;22;22
RO;di cui Produttore;Veneto;1879;1894;1902;1921
RO;di cui Recuperatore;Veneto;75;75;75;75
RO;di cui Smaltitore;Veneto;16;16;16;16
RO;di cui Trasportatore;Veneto;188;188;189;191
SA;Numero operatori iscritti;Campania;5886;5937;5982;6091
SA;Numero unita locali iscritte;Campania;7379;7450;7506;7665
SA;di cui Centro di raccolta;Campania;102;105;109;112
SA;di cui Intermediario senza detenzione;Campania;189;189;189;190
SA;di cui Produttore;Campania;6896;6962;7014;7172
SA;di cui Recuperatore;Campania;221;222;222;222
SA;di cui Smaltitore;Campania;34;35;35;35
SA;di cui Trasportatore;Campania;986;992;997;1002
SI;Numero operatori iscritti;Toscana;1934;1938;1943;1974
SI;Numero unita locali iscritte;Toscana;2549;2555;2564;2599
SI;di cui Centro di raccolta;Toscana;37;37;37;38
SI;di cui Intermediario senza detenzione;Toscana;27;27;27;27
SI;di cui Produttore;Toscana;2446;2451;2460;2496
SI;di cui Recuperatore;Toscana;72;72;73;73
SI;di cui Smaltitore;Toscana;31;31;32;32
SI;di cui Trasportatore;Toscana;239;241;242;241
SO;Numero operatori iscritti;Lombardia;1324;1337;1341;1352
SO;Numero unita locali iscritte;Lombardia;1657;1672;1676;1691
SO;di cui Centro di raccolta;Lombardia;40;40;40;42
SO;di cui Intermediario senza detenzione;Lombardia;9;9;9;9
SO;di cui Produttore;Lombardia;1578;1592;1596;1609
SO;di cui Recuperatore;Lombardia;50;51;51;51
SO;di cui Smaltitore;Lombardia;19;20;20;20
SO;di cui Trasportatore;Lombardia;215;221;221;222
SP;Numero operatori iscritti;Liguria;1265;1272;1279;1294
SP;Numero unita locali iscritte;Liguria;1586;1598;1606;1633
SP;di cui Centro di raccolta;Liguria;16;16;16;16
SP;di cui Intermediario senza detenzione;Liguria;16;16;16;17
SP;di cui Produttore;Liguria;1530;1542;1550;1576
SP;di cui Recuperatore;Liguria;38;38;38;38
SP;di cui Smaltitore;Liguria;9;9;9;9
SP;di cui Trasportatore;Liguria;140;140;140;142
SR;Numero operatori iscritti;Sicilia;1605;1615;1623;1658
SR;Numero unita locali iscritte;Sicilia;1999;2010;2020;2061
SR;di cui Centro di raccolta;Sicilia;16;16;16;16
SR;di cui Intermediario senza detenzione;Sicilia;53;53;53;53
SR;di cui Produttore;Sicilia;1893;1905;1915;1956
SR;di cui Recuperatore;Sicilia;70;70;70;71
SR;di cui Smaltitore;Sicilia;25;25;25;25
SR;di cui Trasportatore;Sicilia;255;255;256;259
SS;Numero operatori iscritti;Sardegna;2633;2644;2651;2661
SS;Numero unita locali iscritte;Sardegna;3603;3614;3623;3564
SS;di cui Centro di raccolta;Sardegna;60;60;60;60
SS;di cui Intermediario senza detenzione;Sardegna;46;46;46;46
SS;di cui Produttore;Sardegna;3373;3386;3394;3334
SS;di cui Recuperatore;Sardegna;115;116;117;115
SS;di cui Smaltitore;Sardegna;54;54;54;49
SS;di cui Trasportatore;Sardegna;453;453;456;456
SU;Numero operatori iscritti;Sardegna;1519;1518;1516;1503
SU;Numero unita locali iscritte;Sardegna;2132;2130;2127;1994
SU;di cui Centro di raccolta;Sardegna;62;62;62;62
SU;di cui Intermediario senza detenzione;Sardegna;38;38;38;37
SU;di cui Produttore;Sardegna;1886;1885;1883;1751
SU;di cui Recuperatore;Sardegna;79;78;77;76
SU;di cui Smaltitore;Sardegna;27;27;27;23
SU;di cui Trasportatore;Sardegna;470;469;466;464
SV;Numero operatori iscritti;Liguria;1516;1525;1531;1545
SV;Numero unita locali iscritte;Liguria;1932;1947;1956;1980
SV;di cui Centro di raccolta;Liguria;27;27;27;27
SV;di cui Intermediario senza detenzione;Liguria;32;33;33;33
SV;di cui Produttore;Liguria;1817;1831;1840;1865
SV;di cui Recuperatore;Liguria;60;60;60;60
SV;di cui Smaltitore;Liguria;22;22;22;22
SV;di cui Trasportatore;Liguria;295;295;293;291
TA;Numero operatori iscritti;Puglia;2411;2422;2446;2476
TA;Numero unita locali iscritte;Puglia;2979;3008;3037;3067
TA;di cui Centro di raccolta;Puglia;41;41;41;41
TA;di cui Intermediario senza detenzione;Puglia;63;63;64;64
TA;di cui Produttore;Puglia;2747;2776;2805;2834
TA;di cui Recuperatore;Puglia;102;102;102;103
TA;di cui Smaltitore;Puglia;32;32;32;32
TA;di cui Trasportatore;Puglia;426;428;429;429
TE;Numero operatori iscritti;Abruzzo;1936;1957;1967;1986
TE;Numero unita locali iscritte;Abruzzo;2361;2382;2394;2420
TE;di cui Centro di raccolta;Abruzzo;24;24;24;24
TE;di cui Intermediario senza detenzione;Abruzzo;50;50;50;51
TE;di cui Produttore;Abruzzo;2237;2257;2269;2294
TE;di cui Recuperatore;Abruzzo;102;103;103;103
TE;di cui Smaltitore;Abruzzo;47;47;47;47
TE;di cui Trasportatore;Abruzzo;280;284;285;291
TN;Numero operatori iscritti;Trentino Alto Adige;3981;4027;4044;4102
TN;Numero unita locali iscritte;Trentino Alto Adige;5385;5439;5461;5514
TN;di cui Centro di raccolta;Trentino Alto Adige;124;124;125;125
TN;di cui Intermediario senza detenzione;Trentino Alto Adige;65;65;65;65
TN;di cui Produttore;Trentino Alto Adige;5157;5211;5232;5284
TN;di cui Recuperatore;Trentino Alto Adige;242;242;243;244
TN;di cui Smaltitore;Trentino Alto Adige;101;101;101;99
TN;di cui Trasportatore;Trentino Alto Adige;645;651;652;654
TO;Numero operatori iscritti;Piemonte;11264;11330;11387;11520
TO;Numero unita locali iscritte;Piemonte;15015;15152;15241;15413
TO;di cui Centro di raccolta;Piemonte;113;113;113;113
TO;di cui Intermediario senza detenzione;Piemonte;320;320;320;321
TO;di cui Produttore;Piemonte;14264;14398;14486;14655
TO;di cui Recuperatore;Piemonte;545;543;543;544
TO;di cui Smaltitore;Piemonte;112;113;113;114
TO;di cui Trasportatore;Piemonte;1793;1799;1811;1826
TP;Numero operatori iscritti;Sicilia;2840;2855;2871;2914
TP;Numero unita locali iscritte;Sicilia;3285;3309;3332;3380
TP;di cui Centro di raccolta;Sicilia;24;24;24;24
TP;di cui Intermediario senza detenzione;Sicilia;30;31;31;31
TP;di cui Produttore;Sicilia;3146;3169;3193;3241
TP;di cui Recuperatore;Sicilia;51;52;52;52
TP;di cui Smaltitore;Sicilia;29;29;29;29
TP;di cui Trasportatore;Sicilia;271;273;273;274
TR;Numero operatori iscritti;Umbria;1469;1483;1489;1508
TR;Numero unita locali iscritte;Umbria;1913;1932;1938;1963
TR;di cui Centro di raccolta;Umbria;21;21;21;21
TR;di cui Intermediario senza detenzione;Umbria;32;32;32;32
TR;di cui Produttore;Umbria;1805;1823;1829;1854
TR;di cui Recuperatore;Umbria;66;66;66;66
TR;di cui Smaltitore;Umbria;16;16;16;16
TR;di cui Trasportatore;Umbria;201;204;204;205
TS;Numero operatori iscritti;Friuli Venezia Giulia;1034;1043;1047;1057
TS;Numero unita locali iscritte;Friuli Venezia Giulia;1346;1360;1366;1377
TS;di cui Centro di raccolta;Friuli Venezia Giulia;8;8;8;8
TS;di cui Intermediario senza detenzione;Friuli Venezia Giulia;14;14;14;14
TS;di cui Produttore;Friuli Venezia Giulia;1275;1290;1296;1307
TS;di cui Recuperatore;Friuli Venezia Giulia;31;31;31;31
TS;di cui Smaltitore;Friuli Venezia Giulia;7;7;7;7
TS;di cui Trasportatore;Friuli Venezia Giulia;159;158;159;160
TV;Numero operatori iscritti;Veneto;6347;6382;6405;6483
TV;Numero unita locali iscritte;Veneto;8057;8098;8127;8216
TV;di cui Centro di raccolta;Veneto;88;88;88;88
TV;di cui Intermediario senza detenzione;Veneto;123;122;122;122
TV;di cui Produttore;Veneto;7823;7864;7893;7982
TV;di cui Recuperatore;Veneto;239;239;239;240
TV;di cui Smaltitore;Veneto;33;33;33;34
TV;di cui Trasportatore;Veneto;554;554;554;557
UD;Numero operatori iscritti;Friuli Venezia Giulia;3621;3642;3656;3705
UD;Numero unita locali iscritte;Friuli Venezia Giulia;4696;4727;4747;4808
UD;di cui Centro di raccolta;Friuli Venezia Giulia;112;114;116;117
UD;di cui Intermediario senza detenzione;Friuli Venezia Giulia;62;62;62;63
UD;di cui Produttore;Friuli Venezia Giulia;4459;4491;4509;4568
UD;di cui Recuperatore;Friuli Venezia Giulia;141;141;141;142
UD;di cui Smaltitore;Friuli Venezia Giulia;28;28;28;28
UD;di cui Trasportatore;Friuli Venezia Giulia;387;388;388;392
VA;Numero operatori iscritti;Lombardia;5243;5272;5293;5345
VA;Numero unita locali iscritte;Lombardia;6421;6460;6491;6553
VA;di cui Centro di raccolta;Lombardia;80;80;80;80
VA;di cui Intermediario senza detenzione;Lombardia;95;95;95;95
VA;di cui Produttore;Lombardia;6029;6067;6098;6161
VA;di cui Recuperatore;Lombardia;190;190;190;190
VA;di cui Smaltitore;Lombardia;57;57;57;57
VA;di cui Trasportatore;Lombardia;726;729;731;731
VB;Numero operatori iscritti;Piemonte;1043;1052;1058;1072
VB;Numero unita locali iscritte;Piemonte;1360;1370;1380;1407
VB;di cui Centro di raccolta;Piemonte;21;21;21;21
VB;di cui Intermediario senza detenzione;Piemonte;14;14;14;14
VB;di cui Produttore;Piemonte;1293;1303;1310;1338
VB;di cui Recuperatore;Piemonte;49;49;50;51
VB;di cui Smaltitore;Piemonte;14;14;14;14
VB;di cui Trasportatore;Piemonte;133;134;135;135
VC;Numero operatori iscritti;Piemonte;1111;1120;1126;1144
VC;Numero unita locali iscritte;Piemonte;1330;1342;1348;1369
VC;di cui Centro di raccolta;Piemonte;12;12;12;12
VC;di cui Intermediario senza detenzione;Piemonte;23;23;23;23
VC;di cui Produttore;Piemonte;1275;1286;1292;1313
VC;di cui Recuperatore;Piemonte;54;55;55;55
VC;di cui Smaltitore;Piemonte;17;17;17;17
VC;di cui Trasportatore;Piemonte;140;140;141;141
VE;Numero operatori iscritti;Veneto;4860;4887;4907;4966
VE;Numero unita locali iscritte;Veneto;6264;6298;6329;6408
VE;di cui Centro di raccolta;Veneto;39;39;39;39
VE;di cui Intermediario senza detenzione;Veneto;105;106;106;106
VE;di cui Produttore;Veneto;6068;6101;6131;6211
VE;di cui Recuperatore;Veneto;190;191;191;191
VE;di cui Smaltitore;Veneto;68;68;68;68
VE;di cui Trasportatore;Veneto;532;535;536;538
VI;Numero operatori iscritti;Veneto;7422;7450;7464;7521
VI;Numero unita locali iscritte;Veneto;9180;9216;9240;9312
VI;di cui Centro di raccolta;Veneto;100;100;100;101
VI;di cui Intermediario senza detenzione;Veneto;141;140;141;141
VI;di cui Produttore;Veneto;8854;8889;8912;8983
VI;di cui Recuperatore;Veneto;282;282;283;285
VI;di cui Smaltitore;Veneto;57;57;57;57
VI;di cui Trasportatore;Veneto;597;600;600;600
VR;Numero operatori iscritti;Veneto;6035;6067;6095;6172
VR;Numero unita locali iscritte;Veneto;7693;7729;7765;7863
VR;di cui Centro di raccolta;Veneto;166;166;166;166
VR;di cui Intermediario senza detenzione;Veneto;133;133;133;133
VR;di cui Produttore;Veneto;7261;7296;7329;7425
VR;di cui Recuperatore;Veneto;275;274;274;274
VR;di cui Smaltitore;Veneto;59;57;57;57
VR;di cui Trasportatore;Veneto;647;646;651;663
VS;Numero operatori iscritti;Sardegna;40;51;58;68
VS;Numero unita locali iscritte;Sardegna;59;71;78;116
VS;di cui Centro di raccolta;Sardegna;9;9;9;10
VS;di cui Intermediario senza detenzione;Sardegna;0;0;0;0
VS;di cui Produttore;Sardegna;38;50;57;94
VS;di cui Recuperatore;Sardegna;7;8;8;9
VS;di cui Smaltitore;Sardegna;0;0;0;0
VS;di cui Trasportatore;Sardegna;7;7;8;9
VT;Numero operatori iscritti;Lazio;1645;1664;1679;1707
VT;Numero unita locali iscritte;Lazio;2224;2246;2268;2299
VT;di cui Centro di raccolta;Lazio;49;49;49;49
VT;di cui Intermediario senza detenzione;Lazio;25;25;25;25
VT;di cui Produttore;Lazio;2111;2134;2156;2186
VT;di cui Recuperatore;Lazio;92;93;93;93
VT;di cui Smaltitore;Lazio;17;17;17;17
VT;di cui Trasportatore;Lazio;240;243;245;247
VV;Numero operatori iscritti;Calabria;717;725;728;748
VV;Numero unita locali iscritte;Calabria;875;884;887;911
VV;di cui Centro di raccolta;Calabria;4;4;4;4
VV;di cui Intermediario senza detenzione;Calabria;11;11;11;11
VV;di cui Produttore;Calabria;806;815;818;841
VV;di cui Recuperatore;Calabria;30;30;30;30
VV;di cui Smaltitore;Calabria;5;5;5;5
VV;di cui Trasportatore;Calabria;126;127;127;130
