Provincia;Campo;Regione;Var_2026-09-07;Var_2026-09-15
AG;Numero operatori iscritti;Sicilia;20;18
AG;Numero unita locali iscritte;Sicilia;30;22
AG;di cui Centro di raccolta;Sicilia;0;1
AG;di cui Intermediario senza detenzione;Sicilia;0;0
AG;di cui Produttore;Sicilia;27;21
AG;di cui Recuperatore;Sicilia;1;0
AG;di cui Smaltitore;Sicilia;0;0
AG;di cui Trasportatore;Sicilia;7;2
AL;Numero operatori iscritti;Piemonte;21;8
AL;Numero unita locali iscritte;Piemonte;25;6
AL;di cui Centro di raccolta;Piemonte;2;0
AL;di cui Intermediario senza detenzione;Piemonte;0;1
AL;di cui Produttore;Piemonte;22;4
AL;di cui Recuperatore;Piemonte;2;1
AL;di cui Smaltitore;Piemonte;0;0
AL;di cui Trasportatore;Piemonte;0;1
AN;Numero operatori iscritti;Marche;17;8
AN;Numero unita locali iscritte;Marche;25;12
AN;di cui Centro di raccolta;Marche;0;0
AN;di cui Intermediario senza detenzione;Marche;0;0
AN;di cui Produttore;Marche;25;11
AN;di cui Recuperatore;Marche;1;0
AN;di cui Smaltitore;Marche;0;0
AN;di cui Trasportatore;Marche;0;2
AO;Numero operatori iscritti;Valle d`Aosta;6;4
AO;Numero unita locali iscritte;Valle d`Aosta;11;5
AO;di cui Centro di raccolta;Valle d`Aosta;0;0
AO;di cui Intermediario senza detenzione;Valle d`Aosta;0;0
AO;di cui Produttore;Valle d`Aosta;12;5
AO;di cui Recuperatore;Valle d`Aosta;0;0
AO;di cui Smaltitore;Valle d`Aosta;0;0
AO;di cui Trasportatore;Valle d`Aosta;3;1
AP;Numero operatori iscritti;Marche;6;5
AP;Numero unita locali iscritte;Marche;12;7
AP;di cui Centro di raccolta;Marche;0;0
AP;di cui Intermediario senza detenzione;Marche;0;0
AP;di cui Produttore;Marche;11;6
AP;di cui Recuperatore;Marche;2;0
AP;di cui Smaltitore;Marche;0;0
AP;di cui Trasportatore;Marche;0;2
AQ;Numero operatori iscritti;Abruzzo;15;12
AQ;Numero unita locali iscritte;Abruzzo;16;13
AQ;di cui Centro di raccolta;Abruzzo;0;0
AQ;di cui Intermediario senza detenzione;Abruzzo;0;0
AQ;di cui Produttore;Abruzzo;14;13
AQ;di cui Recuperatore;Abruzzo;0;0
AQ;di cui Smaltitore;Abruzzo;0;0
AQ;di cui Trasportatore;Abruzzo;2;0
AR;Numero operatori iscritti;Toscana;19;14
AR;Numero unita locali iscritte;Toscana;24;16
AR;di cui Centro di raccolta;Toscana;0;0
AR;di cui Intermediario senza detenzione;Toscana;0;0
AR;di cui Produttore;Toscana;23;14
AR;di cui Recuperatore;Toscana;0;1
AR;di cui Smaltitore;Toscana;0;0
AR;di cui Trasportatore;Toscana;1;4
AT;Numero operatori iscritti;Piemonte;10;2
AT;Numero unita locali iscritte;Piemonte;16;3
AT;di cui Centro di raccolta;Piemonte;0;0
AT;di cui Intermediario senza detenzione;Piemonte;0;0
AT;di cui Produttore;Piemonte;14;3
AT;di cui Recuperatore;Piemonte;0;0
AT;di cui Smaltitore;Piemonte;0;0
AT;di cui Trasportatore;Piemonte;5;1
AV;Numero operatori iscritti;Campania;18;21
AV;Numero unita locali iscritte;Campania;27;22
AV;di cui Centro di raccolta;Campania;1;0
AV;di cui Intermediario senza detenzione;Campania;0;0
AV;di cui Produttore;Campania;26;22
AV;di cui Recuperatore;Campania;0;0
AV;di cui Smaltitore;Campania;0;0
AV;di cui Trasportatore;Campania;0;1
BA;Numero operatori iscritti;Puglia;23;39
BA;Numero unita locali iscritte;Puglia;39;51
BA;di cui Centro di raccolta;Puglia;0;0
BA;di cui Intermediario senza detenzione;Puglia;0;0
BA;di cui Produttore;Puglia;37;48
BA;di cui Recuperatore;Puglia;1;0
BA;di cui Smaltitore;Puglia;0;0
BA;di cui Trasportatore;Puglia;3;6
BG;Numero operatori iscritti;Lombardia;50;29
BG;Numero unita locali iscritte;Lombardia;64;40
BG;di cui Centro di raccolta;Lombardia;3;1
BG;di cui Intermediario senza detenzione;Lombardia;2;0
BG;di cui Produttore;Lombardia;64;37
BG;di cui Recuperatore;Lombardia;2;0
BG;di cui Smaltitore;Lombardia;0;0
BG;di cui Trasportatore;Lombardia;6;6
BI;Numero operatori iscritti;Piemonte;7;4
BI;Numero unita locali iscritte;Piemonte;9;4
BI;di cui Centro di raccolta;Piemonte;0;0
BI;di cui Intermediario senza detenzione;Piemonte;0;0
BI;di cui Produttore;Piemonte;9;4
BI;di cui Recuperatore;Piemonte;-1;0
BI;di cui Smaltitore;Piemonte;0;0
BI;di cui Trasportatore;Piemonte;1;1
BL;Numero operatori iscritti;Veneto;13;3
BL;Numero unita locali iscritte;Veneto;16;6
BL;di cui Centro di raccolta;Veneto;0;0
BL;di cui Intermediario senza detenzione;Veneto;0;0
BL;di cui Produttore;Veneto;15;6
BL;di cui Recuperatore;Veneto;0;0
BL;di cui Smaltitore;Veneto;0;0
BL;di cui Trasportatore;Veneto;1;0
BN;Numero operatori iscritti;Campania;11;6
BN;Numero unita locali iscritte;Campania;13;6
BN;di cui Centro di raccolta;Campania;1;0
BN;di cui Intermediario senza detenzione;Campania;0;0
BN;di cui Produttore;Campania;12;6
BN;di cui Recuperatore;Campania;0;0
BN;di cui Smaltitore;Campania;0;0
BN;di cui Trasportatore;Campania;1;-2
BO;Numero operatori iscritti;Emilia Romagna;30;22
BO;Numero unita locali iscritte;Emilia Romagna;51;32
BO;di cui Centro di raccolta;Emilia Romagna;0;1
BO;di cui Intermediario senza detenzione;Emilia Romagna;2;0
BO;di cui Produttore;Emilia Romagna;50;31
BO;di cui Recuperatore;Emilia Romagna;0;0
BO;di cui Smaltitore;Emilia Romagna;0;0
BO;di cui Trasportatore;Emilia Romagna;11;2
BR;Numero operatori iscritti;Puglia;10;23
BR;Numero unita locali iscritte;Puglia;14;25
BR;di cui Centro di raccolta;Puglia;0;0
BR;di cui Intermediario senza detenzione;Puglia;0;0
BR;di cui Produttore;Puglia;14;24
BR;di cui Recuperatore;Puglia;0;1
BR;di cui Smaltitore;Puglia;0;0
BR;di cui Trasportatore;Puglia;1;0
BS;Numero operatori iscritti;Lombardia;61;39
BS;Numero unita locali iscritte;Lombardia;88;51
BS;di cui Centro di raccolta;Lombardia;0;0
BS;di cui Intermediario senza detenzione;Lombardia;3;1
BS;di cui Produttore;Lombardia;84;46
BS;di cui Recuperatore;Lombardia;4;3
BS;di cui Smaltitore;Lombardia;1;1
BS;di cui Trasportatore;Lombardia;10;5
BT;Numero operatori iscritti;Puglia;22;13
BT;Numero unita locali iscritte;Puglia;25;16
BT;di cui Centro di raccolta;Puglia;0;0
BT;di cui Intermediario senza detenzione;Puglia;1;0
BT;di cui Produttore;Puglia;24;15
BT;di cui Recuperatore;Puglia;0;0
BT;di cui Smaltitore;Puglia;0;0
BT;di cui Trasportatore;Puglia;1;1
BZ;Numero operatori iscritti;Trentino Alto Adige;33;18
BZ;Numero unita locali iscritte;Trentino Alto Adige;40;21
BZ;di cui Centro di raccolta;Trentino Alto Adige;0;0
BZ;di cui Intermediario senza detenzione;Trentino Alto Adige;0;1
BZ;di cui Produttore;Trentino Alto Adige;34;19
BZ;di cui Recuperatore;Trentino Alto Adige;4;1
BZ;di cui Smaltitore;Trentino Alto Adige;0;0
BZ;di cui Trasportatore;Trentino Alto Adige;6;1
CA;Numero operatori iscritti;Sardegna;32;25
CA;Numero unita locali iscritte;Sardegna;43;28
CA;di cui Centro di raccolta;Sardegna;0;0
CA;di cui Intermediario senza detenzione;Sardegna;0;2
CA;di cui Produttore;Sardegna;34;26
CA;di cui Recuperatore;Sardegna;1;2
CA;di cui Smaltitore;Sardegna;0;0
CA;di cui Trasportatore;Sardegna;9;3
CB;Numero operatori iscritti;Molise;8;10
CB;Numero unita locali iscritte;Molise;10;12
CB;di cui Centro di raccolta;Molise;0;0
CB;di cui Intermediario senza detenzione;Molise;0;0
CB;di cui Produttore;Molise;8;12
CB;di cui Recuperatore;Molise;0;0
CB;di cui Smaltitore;Molise;0;0
CB;di cui Trasportatore;Molise;2;0
CE;Numero operatori iscritti;Campania;41;52
CE;Numero unita locali iscritte;Campania;50;76
CE;di cui Centro di raccolta;Campania;1;0
CE;di cui Intermediario senza detenzione;Campania;2;0
CE;di cui Produttore;Campania;45;74
CE;di cui Recuperatore;Campania;0;1
CE;di cui Smaltitore;Campania;0;0
CE;di cui Trasportatore;Campania;12;3
CH;Numero operatori iscritti;Abruzzo;23;11
CH;Numero unita locali iscritte;Abruzzo;27;11
CH;di cui Centro di raccolta;Abruzzo;0;0
CH;di cui Intermediario senza detenzione;Abruzzo;0;0
CH;di cui Produttore;Abruzzo;24;10
CH;di cui Recuperatore;Abruzzo;1;0
CH;di cui Smaltitore;Abruzzo;0;0
CH;di cui Trasportatore;Abruzzo;3;3
CI;Numero operatori iscritti;Sardegna;10;0
CI;Numero unita locali iscritte;Sardegna;13;0
CI;di cui Centro di raccolta;Sardegna;0;0
CI;di cui Intermediario senza detenzione;Sardegna;0;0
CI;di cui Produttore;Sardegna;12;0
CI;di cui Recuperatore;Sardegna;1;0
CI;di cui Smaltitore;Sardegna;0;0
CI;di cui Trasportatore;Sardegna;1;0
CL;Numero operatori iscritti;Sicilia;7;9
CL;Numero unita locali iscritte;Sicilia;22;12
CL;di cui Centro di raccolta;Sicilia;0;0
CL;di cui Intermediario senza detenzione;Sicilia;0;0
CL;di cui Produttore;Sicilia;21;11
CL;di cui Recuperatore;Sicilia;0;0
CL;di cui Smaltitore;Sicilia;0;0
CL;di cui Trasportatore;Sicilia;1;1
CN;Numero operatori iscritti;Piemonte;19;15
CN;Numero unita locali iscritte;Piemonte;24;21
CN;di cui Centro di raccolta;Piemonte;0;0
CN;di cui Intermediario senza detenzione;Piemonte;1;1
CN;di cui Produttore;Piemonte;26;20
CN;di cui Recuperatore;Piemonte;-1;1
CN;di cui Smaltitore;Piemonte;0;0
CN;di cui Trasportatore;Piemonte;-1;2
CO;Numero operatori iscritti;Lombardia;21;11
CO;Numero unita locali iscritte;Lombardia;28;17
CO;di cui Centro di raccolta;Lombardia;0;0
CO;di cui Intermediario senza detenzione;Lombardia;0;0
CO;di cui Produttore;Lombardia;25;16
CO;di cui Recuperatore;Lombardia;2;1
CO;di cui Smaltitore;Lombardia;1;0
CO;di cui Trasportatore;Lombardia;4;0
CR;Numero operatori iscritti;Lombardia;8;13
CR;Numero unita locali iscritte;Lombardia;6;14
CR;di cui Centro di raccolta;Lombardia;2;5
CR;di cui Intermediario senza detenzione;Lombardia;0;0
CR;di cui Produttore;Lombardia;5;10
CR;di cui Recuperatore;Lombardia;0;1
CR;di cui Smaltitore;Lombardia;0;0
CR;di cui Trasportatore;Lombardia;-1;1
CS;Numero operatori iscritti;Calabria;34;34
CS;Numero unita locali iscritte;Calabria;44;56
CS;di cui Centro di raccolta;Calabria;1;2
CS;di cui Intermediario senza detenzione;Calabria;0;0
CS;di cui Produttore;Calabria;44;56
CS;di cui Recuperatore;Calabria;0;0
CS;di cui Smaltitore;Calabria;0;0
CS;di cui Trasportatore;Calabria;2;0
CT;Numero operatori iscritti;Sicilia;28;20
CT;Numero unita locali iscritte;Sicilia;33;23
CT;di cui Centro di raccolta;Sicilia;0;0
CT;di cui Intermediario senza detenzione;Sicilia;1;0
CT;di cui Produttore;Sicilia;26;23
CT;di cui Recuperatore;Sicilia;2;0
CT;di cui Smaltitore;Sicilia;0;0
CT;di cui Trasportatore;Sicilia;7;1
CZ;Numero operatori iscritti;Calabria;13;13
CZ;Numero unita locali iscritte;Calabria;15;13
CZ;di cui Centro di raccolta;Calabria;0;4
CZ;di cui Intermediario senza detenzione;Calabria;0;0
CZ;di cui Produttore;Calabria;15;10
CZ;di cui Recuperatore;Calabria;2;0
CZ;di cui Smaltitore;Calabria;0;0
CZ;di cui Trasportatore;Calabria;0;0
EN;Numero operatori iscritti;Sicilia;8;6
EN;Numero unita locali iscritte;Sicilia;9;6
EN;di cui Centro di raccolta;Sicilia;0;0
EN;di cui Intermediario senza detenzione;Sicilia;1;0
EN;di cui Produttore;Sicilia;8;6
EN;di cui Recuperatore;Sicilia;0;0
EN;di cui Smaltitore;Sicilia;0;0
EN;di cui Trasportatore;Sicilia;0;1
FC;Numero operatori iscritti;Emilia Romagna;18;11
FC;Numero unita locali iscritte;Emilia Romagna;22;13
FC;di cui Centro di raccolta;Emilia Romagna;0;0
FC;di cui Intermediario senza detenzione;Emilia Romagna;0;0
FC;di cui Produttore;Emilia Romagna;21;13
FC;di cui Recuperatore;Emilia Romagna;0;0
FC;di cui Smaltitore;Emilia Romagna;0;0
FC;di cui Trasportatore;Emilia Romagna;2;1
FE;Numero operatori iscritti;Emilia Romagna;14;8
FE;Numero unita locali iscritte;Emilia Romagna;29;9
FE;di cui Centro di raccolta;Emilia Romagna;0;0
FE;di cui Intermediario senza detenzione;Emilia Romagna;0;0
FE;di cui Produttore;Emilia Romagna;29;9
FE;di cui Recuperatore;Emilia Romagna;0;0
FE;di cui Smaltitore;Emilia Romagna;0;0
FE;di cui Trasportatore;Emilia Romagna;15;0
FG;Numero operatori iscritti;Puglia;56;28
FG;Numero unita locali iscritte;Puglia;63;28
FG;di cui Centro di raccolta;Puglia;2;0
FG;di cui Intermediario senza detenzione;Puglia;0;0
FG;di cui Produttore;Puglia;57;28
FG;di cui Recuperatore;Puglia;1;0
FG;di cui Smaltitore;Puglia;0;0
FG;di cui Trasportatore;Puglia;5;0
FI;Numero operatori iscritti;Toscana;62;31
FI;Numero unita locali iscritte;Toscana;81;39
FI;di cui Centro di raccolta;Toscana;0;0
FI;di cui Intermediario senza detenzione;Toscana;0;0
FI;di cui Produttore;Toscana;77;37
FI;di cui Recuperatore;Toscana;-1;0
FI;di cui Smaltitore;Toscana;0;0
FI;di cui Trasportatore;Toscana;16;6
FM;Numero operatori iscritti;Marche;6;6
FM;Numero unita locali iscritte;Marche;6;6
FM;di cui Centro di raccolta;Marche;0;0
FM;di cui Intermediario senza detenzione;Marche;0;0
FM;di cui Produttore;Marche;6;4
FM;di cui Recuperatore;Marche;0;1
FM;di cui Smaltitore;Marche;0;0
FM;di cui Trasportatore;Marche;0;0
FR;Numero operatori iscritti;Lazio;23;17
FR;Numero unita locali iscritte;Lazio;23;18
FR;di cui Centro di raccolta;Lazio;0;0
FR;di cui Intermediario senza detenzione;Lazio;1;0
FR;di cui Produttore;Lazio;22;18
FR;di cui Recuperatore;Lazio;0;0
FR;di cui Smaltitore;Lazio;0;0
FR;di cui Trasportatore;Lazio;3;0
GE;Numero operatori iscritti;Liguria;30;19
GE;Numero unita locali iscritte;Liguria;41;33
GE;di cui Centro di raccolta;Liguria;0;0
GE;di cui Intermediario senza detenzione;Liguria;0;0
GE;di cui Produttore;Liguria;38;33
GE;di cui Recuperatore;Liguria;0;0
GE;di cui Smaltitore;Liguria;0;0
GE;di cui Trasportatore;Liguria;4;1
GO;Numero operatori iscritti;Friuli Venezia Giulia;6;0
GO;Numero unita locali iscritte;Friuli Venezia Giulia;7;1
GO;di cui Centro di raccolta;Friuli Venezia Giulia;0;0
GO;di cui Intermediario senza detenzione;Friuli Venezia Giulia;0;0
GO;di cui Produttore;Friuli Venezia Giulia;7;0
GO;di cui Recuperatore;Friuli Venezia Giulia;0;0
GO;di cui Smaltitore;Friuli Venezia Giulia;0;0
GO;di cui Trasportatore;Friuli Venezia Giulia;-1;1
GR;Numero operatori iscritti;Toscana;16;6
GR;Numero unita locali iscritte;Toscana;18;9
GR;di cui Centro di raccolta;Toscana;0;0
GR;di cui Intermediario senza detenzione;Toscana;1;0
GR;di cui Produttore;Toscana;16;8
GR;di cui Recuperatore;Toscana;1;0
GR;di cui Smaltitore;Toscana;1;0
GR;di cui Trasportatore;Toscana;3;3
IM;Numero operatori iscritti;Liguria;7;5
IM;Numero unita locali iscritte;Liguria;7;6
IM;di cui Centro di raccolta;Liguria;0;0
IM;di cui Intermediario senza detenzione;Liguria;0;0
IM;di cui Produttore;Liguria;6;5
IM;di cui Recuperatore;Liguria;0;0
IM;di cui Smaltitore;Liguria;0;0
IM;di cui Trasportatore;Liguria;2;1
IS;Numero operatori iscritti;Molise;11;4
IS;Numero unita locali iscritte;Molise;12;4
IS;di cui Centro di raccolta;Molise;0;0
IS;di cui Intermediario senza detenzione;Molise;0;-1
IS;di cui Produttore;Molise;12;4
IS;di cui Recuperatore;Molise;0;0
IS;di cui Smaltitore;Molise;0;0
IS;di cui Trasportatore;Molise;0;1
KR;Numero operatori iscritti;Calabria;6;7
KR;Numero unita locali iscritte;Calabria;6;8
KR;di cui Centro di raccolta;Calabria;0;0
KR;di cui Intermediario senza detenzione;Calabria;0;0
KR;di cui Produttore;Calabria;6;7
KR;di cui Recuperatore;Calabria;0;0
KR;di cui Smaltitore;Calabria;0;0
KR;di cui Trasportatore;Calabria;1;1
LC;Numero operatori iscritti;Lombardia;17;9
LC;Numero unita locali iscritte;Lombardia;20;11
LC;di cui Centro di raccolta;Lombardia;0;0
LC;di cui Intermediario senza detenzione;Lombardia;1;0
LC;di cui Produttore;Lombardia;19;11
LC;di cui Recuperatore;Lombardia;0;0
LC;di cui Smaltitore;Lombardia;0;0
LC;di cui Trasportatore;Lombardia;1;0
LE;Numero operatori iscritti;Puglia;21;16
LE;Numero unita locali iscritte;Puglia;33;18
LE;di cui Centro di raccolta;Puglia;0;0
LE;di cui Intermediario senza detenzione;Puglia;0;0
LE;di cui Produttore;Puglia;31;18
LE;di cui Recuperatore;Puglia;2;0
LE;di cui Smaltitore;Puglia;0;0
LE;di cui Trasportatore;Puglia;3;2
LI;Numero operatori iscritti;Toscana;6;8
LI;Numero unita locali iscritte;Toscana;9;10
LI;di cui Centro di raccolta;Toscana;0;0
LI;di cui Intermediario senza detenzione;Toscana;0;0
LI;di cui Produttore;Toscana;9;9
LI;di cui Recuperatore;Toscana;0;0
LI;di cui Smaltitore;Toscana;0;0
LI;di cui Trasportatore;Toscana;2;1
LO;Numero operatori iscritti;Lombardia;8;7
LO;Numero unita locali iscritte;Lombardia;8;7
LO;di cui Centro di raccolta;Lombardia;0;1
LO;di cui Intermediario senza detenzione;Lombardia;0;-1
LO;di cui Produttore;Lombardia;8;7
LO;di cui Recuperatore;Lombardia;0;0
LO;di cui Smaltitore;Lombardia;0;0
LO;di cui Trasportatore;Lombardia;0;0
LT;Numero operatori iscritti;Lazio;26;15
LT;Numero unita locali iscritte;Lazio;32;17
LT;di cui Centro di raccolta;Lazio;0;0
LT;di cui Intermediario senza detenzione;Lazio;-1;0
LT;di cui Produttore;Lazio;32;17
LT;di cui Recuperatore;Lazio;2;0
LT;di cui Smaltitore;Lazio;1;0
LT;di cui Trasportatore;Lazio;4;1
LU;Numero operatori iscritti;Toscana;10;10
LU;Numero unita locali iscritte;Toscana;15;10
LU;di cui Centro di raccolta;Toscana;0;0
LU;di cui Intermediario senza detenzione;Toscana;0;0
LU;di cui Produttore;Toscana;15;10
LU;di cui Recuperatore;Toscana;0;0
LU;di cui Smaltitore;Toscana;0;0
LU;di cui Trasportatore;Toscana;3;2
MB;Numero operatori iscritti;Lombardia;34;28
MB;Numero unita locali iscritte;Lombardia;44;33
MB;di cui Centro di raccolta;Lombardia;0;0
MB;di cui Intermediario senza detenzione;Lombardia;1;0
MB;di cui Produttore;Lombardia;44;31
MB;di cui Recuperatore;Lombardia;0;-1
MB;di cui Smaltitore;Lombardia;0;0
MB;di cui Trasportatore;Lombardia;3;5
MC;Numero operatori iscritti;Marche;7;6
MC;Numero unita locali iscritte;Marche;11;6
MC;di cui Centro di raccolta;Marche;0;0
MC;di cui Intermediario senza detenzione;Marche;0;0
MC;di cui Produttore;Marche;11;5
MC;di cui Recuperatore;Marche;2;1
MC;di cui Smaltitore;Marche;0;0
MC;di cui Trasportatore;Marche;1;1
ME;Numero operatori iscritti;Sicilia;15;22
ME;Numero unita locali iscritte;Sicilia;23;29
ME;di cui Centro di raccolta;Sicilia;0;1
ME;di cui Intermediario senza detenzione;Sicilia;0;1
ME;di cui Produttore;Sicilia;19;28
ME;di cui Recuperatore;Sicilia;0;1
ME;di cui Smaltitore;Sicilia;0;0
ME;di cui Trasportatore;Sicilia;6;1
MI;Numero operatori iscritti;Lombardia;108;69
MI;Numero unita locali iscritte;Lombardia;144;106
MI;di cui Centro di raccolta;Lombardia;0;-2
MI;di cui Intermediario senza detenzione;Lombardia;1;2
MI;di cui Produttore;Lombardia;141;107
MI;di cui Recuperatore;Lombardia;1;2
MI;di cui Smaltitore;Lombardia;0;0
MI;di cui Trasportatore;Lombardia;11;4
MN;Numero operatori iscritti;Lombardia;3;13
MN;Numero unita locali iscritte;Lombardia;5;18
MN;di cui Centro di raccolta;Lombardia;0;0
MN;di cui Intermediario senza detenzione;Lombardia;0;0
MN;di cui Produttore;Lombardia;5;17
MN;di cui Recuperatore;Lombardia;0;0
MN;di cui Smaltitore;Lombardia;0;0
MN;di cui Trasportatore;Lombardia;0;1
MO;Numero operatori iscritti;Emilia Romagna;30;18
MO;Numero unita locali iscritte;Emilia Romagna;39;25
MO;di cui Centro di raccolta;Emilia Romagna;0;2
MO;di cui Intermediario senza detenzione;Emilia Romagna;0;1
MO;di cui Produttore;Emilia Romagna;38;23
MO;di cui Recuperatore;Emilia Romagna;1;0
MO;di cui Smaltitore;Emilia Romagna;0;0
MO;di cui Trasportatore;Emilia Romagna;2;1
MS;Numero operatori iscritti;Toscana;7;5
MS;Numero unita locali iscritte;Toscana;8;5
MS;di cui Centro di raccolta;Toscana;0;0
MS;di cui Intermediario senza detenzione;Toscana;0;0
MS;di cui Produttore;Toscana;8;5
MS;di cui Recuperatore;Toscana;0;0
MS;di cui Smaltitore;Toscana;0;0
MS;di cui Trasportatore;Toscana;1;1
MT;Numero operatori iscritti;Basilicata;10;7
MT;Numero unita locali iscritte;Basilicata;14;8
MT;di cui Centro di raccolta;Basilicata;0;0
MT;di cui Intermediario senza detenzione;Basilicata;0;0
MT;di cui Produttore;Basilicata;15;8
MT;di cui Recuperatore;Basilicata;1;0
MT;di cui Smaltitore;Basilicata;0;0
MT;di cui Trasportatore;Basilicata;1;2
NA;Numero operatori iscritti;Campania;91;114
NA;Numero unita locali iscritte;Campania;111;136
NA;di cui Centro di raccolta;Campania;2;1
NA;di cui Intermediario senza detenzione;Campania;0;1
NA;di cui Produttore;Campania;112;137
NA;di cui Recuperatore;Campania;2;1
NA;di cui Smaltitore;Campania;0;0
NA;di cui Trasportatore;Campania;13;5
NO;Numero operatori iscritti;Piemonte;14;10
NO;Numero unita locali iscritte;Piemonte;22;12
NO;di cui Centro di raccolta;Piemonte;0;0
NO;di cui Intermediario senza detenzione;Piemonte;0;0
NO;di cui Produttore;Piemonte;22;12
NO;di cui Recuperatore;Piemonte;2;0
NO;di cui Smaltitore;Piemonte;1;0
NO;di cui Trasportatore;Piemonte;2;0
NU;Numero operatori iscritti;Sardegna;7;2
NU;Numero unita locali iscritte;Sardegna;8;2
NU;di cui Centro di raccolta;Sardegna;0;0
NU;di cui Intermediario senza detenzione;Sardegna;0;0
NU;di cui Produttore;Sardegna;8;2
NU;di cui Recuperatore;Sardegna;-1;0
NU;di cui Smaltitore;Sardegna;0;0
NU;di cui Trasportatore;Sardegna;-2;0
OG;Numero operatori iscritti;Sardegna;3;4
OG;Numero unita locali iscritte;Sardegna;3;4
OG;di cui Centro di raccolta;Sardegna;0;0
OG;di cui Intermediario senza detenzione;Sardegna;0;0
OG;di cui Produttore;Sardegna;3;3
OG;di cui Recuperatore;Sardegna;1;0
OG;di cui Smaltitore;Sardegna;0;0
OG;di cui Trasportatore;Sardegna;2;2
OR;Numero operatori iscritti;Sardegna;5;2
OR;Numero unita locali iscritte;Sardegna;9;7
OR;di cui Centro di raccolta;Sardegna;0;0
OR;di cui Intermediario senza detenzione;Sardegna;0;0
OR;di cui Produttore;Sardegna;9;7
OR;di cui Recuperatore;Sardegna;1;0
OR;di cui Smaltitore;Sardegna;0;0
OR;di cui Trasportatore;Sardegna;0;1
OT;Numero operatori iscritti;Sardegna;10;12
OT;Numero unita locali iscritte;Sardegna;15;12
OT;di cui Centro di raccolta;Sardegna;0;0
OT;di cui Intermediario senza detenzione;Sardegna;0;0
OT;di cui Produttore;Sardegna;14;11
OT;di cui Recuperatore;Sardegna;0;0
OT;di cui Smaltitore;Sardegna;0;0
OT;di cui Trasportatore;Sardegna;1;2
PA;Numero operatori iscritti;Sicilia;51;35
PA;Numero unita locali iscritte;Sicilia;71;34
PA;di cui Centro di raccolta;Sicilia;1;0
PA;di cui Intermediario senza detenzione;Sicilia;0;0
PA;di cui Produttore;Sicilia;70;32
PA;di cui Recuperatore;Sicilia;0;0
PA;di cui Smaltitore;Sicilia;0;0
PA;di cui Trasportatore;Sicilia;12;3
PC;Numero operatori iscritti;Emilia Romagna;14;8
PC;Numero unita locali iscritte;Emilia Romagna;15;9
PC;di cui Centro di raccolta;Emilia Romagna;0;0
PC;di cui Intermediario senza detenzione;Emilia Romagna;1;0
PC;di cui Produttore;Emilia Romagna;14;9
PC;di cui Recuperatore;Emilia Romagna;0;0
PC;di cui Smaltitore;Emilia Romagna;0;0
PC;di cui Trasportatore;Emilia Romagna;1;0
PD;Numero operatori iscritti;Veneto;39;22
PD;Numero unita locali iscritte;Veneto;54;31
PD;di cui Centro di raccolta;Veneto;0;0
PD;di cui Intermediario senza detenzione;Veneto;1;0
PD;di cui Produttore;Veneto;54;31
PD;di cui Recuperatore;Veneto;1;1
PD;di cui Smaltitore;Veneto;0;0
PD;di cui Trasportatore;Veneto;1;0
PE;Numero operatori iscritti;Abruzzo;13;7
PE;Numero unita locali iscritte;Abruzzo;11;9
PE;di cui Centro di raccolta;Abruzzo;0;0
PE;di cui Intermediario senza detenzione;Abruzzo;0;0
PE;di cui Produttore;Abruzzo;11;9
PE;di cui Recuperatore;Abruzzo;0;0
PE;di cui Smaltitore;Abruzzo;0;0
PE;di cui Trasportatore;Abruzzo;1;2
PG;Numero operatori iscritti;Umbria;32;21
PG;Numero unita locali iscritte;Umbria;36;27
PG;di cui Centro di raccolta;Umbria;0;0
PG;di cui Intermediario senza detenzione;Umbria;2;0
PG;di cui Produttore;Umbria;37;28
PG;di cui Recuperatore;Umbria;-1;0
PG;di cui Smaltitore;Umbria;0;0
PG;di cui Trasportatore;Umbria;5;1
PI;Numero operatori iscritti;Toscana;21;23
PI;Numero unita locali iscritte;Toscana;25;25
PI;di cui Centro di raccolta;Toscana;0;0
PI;di cui Intermediario senza detenzione;Toscana;0;1
PI;di cui Produttore;Toscana;24;22
PI;di cui Recuperatore;Toscana;0;1
PI;di cui Smaltitore;Toscana;0;0
PI;di cui Trasportatore;Toscana;3;2
PN;Numero operatori iscritti;Friuli Venezia Giulia;12;10
PN;Numero unita locali iscritte;Friuli Venezia Giulia;21;14
PN;di cui Centro di raccolta;Friuli Venezia Giulia;0;0
PN;di cui Intermediario senza detenzione;Friuli Venezia Giulia;0;0
PN;di cui Produttore;Friuli Venezia Giulia;20;14
PN;di cui Recuperatore;Friuli Venezia Giulia;2;0
PN;di cui Smaltitore;Friuli Venezia Giulia;0;0
PN;di cui Trasportatore;Friuli Venezia Giulia;1;0
PO;Numero operatori iscritti;Toscana;16;12
PO;Numero unita locali iscritte;Toscana;19;12
PO;di cui Centro di raccolta;Toscana;0;0
PO;di cui Intermediario senza detenzione;Toscana;0;0
PO;di cui Produttore;Toscana;18;12
PO;di cui Recuperatore;Toscana;0;0
PO;di cui Smaltitore;Toscana;0;0
PO;di cui Trasportatore;Toscana;1;0
PR;Numero operatori iscritti;Emilia Romagna;25;12
PR;Numero unita locali iscritte;Emilia Romagna;33;15
PR;di cui Centro di raccolta;Emilia Romagna;0;0
PR;di cui Intermediario senza detenzione;Emilia Romagna;0;0
PR;di cui Produttore;Emilia Romagna;30;14
PR;di cui Recuperatore;Emilia Romagna;0;0
PR;di cui Smaltitore;Emilia Romagna;0;0
PR;di cui Trasportatore;Emilia Romagna;2;2
PT;Numero operatori iscritti;Toscana;12;13
PT;Numero unita locali iscritte;Toscana;15;18
PT;di cui Centro di raccolta;Toscana;0;0
PT;di cui Intermediario senza detenzione;Toscana;0;0
PT;di cui Produttore;Toscana;14;18
PT;di cui Recuperatore;Toscana;0;0
PT;di cui Smaltitore;Toscana;0;0
PT;di cui Trasportatore;Toscana;2;0
PU;Numero operatori iscritti;Marche;12;10
PU;Numero unita locali iscritte;Marche;14;14
PU;di cui Centro di raccolta;Marche;0;0
PU;di cui Intermediario senza detenzione;Marche;0;0
PU;di cui Produttore;Marche;13;15
PU;di cui Recuperatore;Marche;2;0
PU;di cui Smaltitore;Marche;0;0
PU;di cui Trasportatore;Marche;1;0
PV;Numero operatori iscritti;Lombardia;22;17
PV;Numero unita locali iscritte;Lombardia;26;22
PV;di cui Centro di raccolta;Lombardia;0;3
PV;di cui Intermediario senza detenzione;Lombardia;0;0
PV;di cui Produttore;Lombardia;23;19
PV;di cui Recuperatore;Lombardia;0;0
PV;di cui Smaltitore;Lombardia;0;0
PV;di cui Trasportatore;Lombardia;3;0
PZ;Numero operatori iscritti;Basilicata;20;16
PZ;Numero unita locali iscritte;Basilicata;24;24
PZ;di cui Centro di raccolta;Basilicata;0;3
PZ;di cui Intermediario senza detenzione;Basilicata;0;0
PZ;di cui Produttore;Basilicata;24;21
PZ;di cui Recuperatore;Basilicata;1;0
PZ;di cui Smaltitore;Basilicata;0;0
PZ;di cui Trasportatore;Basilicata;2;1
RA;Numero operatori iscritti;Emilia Romagna;12;5
RA;Numero unita locali iscritte;Emilia Romagna;29;8
RA;di cui Centro di raccolta;Emilia Romagna;0;1
RA;di cui Intermediario senza detenzione;Emilia Romagna;0;0
RA;di cui Produttore;Emilia Romagna;28;7
RA;di cui Recuperatore;Emilia Romagna;2;0
RA;di cui Smaltitore;Emilia Romagna;0;0
RA;di cui Trasportatore;Emilia Romagna;1;0
RC;Numero operatori iscritti;Calabria;20;17
RC;Numero unita locali iscritte;Calabria;27;20
RC;di cui Centro di raccolta;Calabria;0;0
RC;di cui Intermediario senza detenzione;Calabria;0;0
RC;di cui Produttore;Calabria;23;20
RC;di cui Recuperatore;Calabria;0;2
RC;di cui Smaltitore;Calabria;0;0
RC;di cui Trasportatore;Calabria;4;1
RE;Numero operatori iscritti;Emilia Romagna;19;12
RE;Numero unita locali iscritte;Emilia Romagna;23;14
RE;di cui Centro di raccolta;Emilia Romagna;0;0
RE;di cui Intermediario senza detenzione;Emilia Romagna;0;0
RE;di cui Produttore;Emilia Romagna;22;13
RE;di cui Recuperatore;Emilia Romagna;1;0
RE;di cui Smaltitore;Emilia Romagna;0;0
RE;di cui Trasportatore;Emilia Romagna;1;1
RG;Numero operatori iscritti;Sicilia;12;11
RG;Numero unita locali iscritte;Sicilia;12;11
RG;di cui Centro di raccolta;Sicilia;0;0
RG;di cui Intermediario senza detenzione;Sicilia;0;1
RG;di cui Produttore;Sicilia;12;11
RG;di cui Recuperatore;Sicilia;0;0
RG;di cui Smaltitore;Sicilia;0;0
RG;di cui Trasportatore;Sicilia;0;0
RI;Numero operatori iscritti;Lazio;6;3
RI;Numero unita locali iscritte;Lazio;7;3
RI;di cui Centro di raccolta;Lazio;0;0
RI;di cui Intermediario senza detenzione;Lazio;0;0
RI;di cui Produttore;Lazio;7;3
RI;di cui Recuperatore;Lazio;0;0
RI;di cui Smaltitore;Lazio;0;0
RI;di cui Trasportatore;Lazio;0;0
RM;Numero operatori iscritti;Lazio;152;124
RM;Numero unita locali iscritte;Lazio;219;160
RM;di cui Centro di raccolta;Lazio;3;0
RM;di cui Intermediario senza detenzione;Lazio;1;1
RM;di cui Produttore;Lazio;214;155
RM;di cui Recuperatore;Lazio;1;0
RM;di cui Smaltitore;Lazio;2;0
RM;di cui Trasportatore;Lazio;16;9
RN;Numero operatori iscritti;Emilia Romagna;5;6
RN;Numero unita locali iscritte;Emilia Romagna;8;7
RN;di cui Centro di raccolta;Emilia Romagna;0;0
RN;di cui Intermediario senza detenzione;Emilia Romagna;0;0
RN;di cui Produttore;Emilia Romagna;9;6
RN;di cui Recuperatore;Emilia Romagna;0;0
RN;di cui Smaltitore;Emilia Romagna;0;0
RN;di cui Trasportatore;Emilia Romagna;0;1
RO;Numero operatori iscritti;Veneto;11;8
RO;Numero unita locali iscritte;Veneto;15;9
RO;di cui Centro di raccolta;Veneto;0;1
RO;di cui Intermediario senza detenzione;Veneto;0;0
RO;di cui Produttore;Veneto;15;8
RO;di cui Recuperatore;Veneto;0;0
RO;di cui Smaltitore;Veneto;0;0
RO;di cui Trasportatore;Veneto;0;1
SA;Numero operatori iscritti;Campania;51;45
SA;Numero unita locali iscritte;Campania;71;56
SA;di cui Centro di raccolta;Campania;3;4
SA;di cui Intermediario senza detenzione;Campania;0;0
SA;di cui Produttore;Campania;66;52
SA;di cui Recuperatore;Campania;1;0
SA;di cui Smaltitore;Campania;1;0
SA;di cui Trasportatore;Campania;6;5
SI;Numero operatori iscritti;Toscana;4;5
SI;Numero unita locali iscritte;Toscana;6;9
SI;di cui Centro di raccolta;Toscana;0;0
SI;di cui Intermediario senza detenzione;Toscana;0;0
SI;di cui Produttore;Toscana;5;9
SI;di cui Recuperatore;Toscana;0;1
SI;di cui Smaltitore;Toscana;0;1
SI;di cui Trasportatore;Toscana;2;1
SO;Numero operatori iscritti;Lombardia;13;4
SO;Numero unita locali iscritte;Lombardia;15;4
SO;di cui Centro di raccolta;Lombardia;0;0
SO;di cui Intermediario senza detenzione;Lombardia;0;0
SO;di cui Produttore;Lombardia;14;4
SO;di cui Recuperatore;Lombardia;1;0
SO;di cui Smaltitore;Lombardia;1;0
SO;di cui Trasportatore;Lombardia;6;0
SP;Numero operatori iscritti;Liguria;7;7
SP;Numero unita locali iscritte;Liguria;12;8
SP;di cui Centro di raccolta;Liguria;0;0
SP;di cui Intermediario senza detenzione;Liguria;0;0
SP;di cui Produttore;Liguria;12;8
SP;di cui Recuperatore;Liguria;0;0
SP;di cui Smaltitore;Liguria;0;0
SP;di cui Trasportatore;Liguria;0;0
SR;Numero operatori iscritti;Sicilia;10;8
SR;Numero unita locali iscritte;Sicilia;11;10
SR;di cui Centro di raccolta;Sicilia;0;0
SR;di cui Intermediario senza detenzione;Sicilia;0;0
SR;di cui Produttore;Sicilia;12;10
SR;di cui Recuperatore;Sicilia;0;0
SR;di cui Smaltitore;Sicilia;0;0
SR;di cui Trasportatore;Sicilia;0;1
SS;Numero operatori iscritti;Sardegna;11;7
SS;Numero unita locali iscritte;Sardegna;11;9
SS;di cui Centro di raccolta;Sardegna;0;0
SS;di cui Intermediario senza detenzione;Sardegna;0;0
SS;di cui Produttore;Sardegna;13;8
SS;di cui Recuperatore;Sardegna;1;1
SS;di cui Smaltitore;Sardegna;0;0
SS;di cui Trasportatore;Sardegna;0;3
SU;Numero operatori iscritti;Sardegna;-1;-2
SU;Numero unita locali iscritte;Sardegna;-2;-3
SU;di cui Centro di raccolta;Sardegna;0;0
SU;di cui Intermediario senza detenzione;Sardegna;0;0
SU;di cui Produttore;Sardegna;-1;-2
SU;di cui Recuperatore;Sardegna;-1;-1
SU;di cui Smaltitore;Sardegna;0;0
SU;di cui Trasportatore;Sardegna;-1;-3
SV;Numero operatori iscritti;Liguria;9;6
SV;Numero unita locali iscritte;Liguria;15;9
SV;di cui Centro di raccolta;Liguria;0;0
SV;di cui Intermediario senza detenzione;Liguria;1;0
SV;di cui Produttore;Liguria;14;9
SV;di cui Recuperatore;Liguria;0;0
SV;di cui Smaltitore;Liguria;0;0
SV;di cui Trasportatore;Liguria;0;-2
TA;Numero operatori iscritti;Puglia;11;24
TA;Numero unita locali iscritte;Puglia;29;29
TA;di cui Centro di raccolta;Puglia;0;0
TA;di cui Intermediario senza detenzione;Puglia;0;1
TA;di cui Produttore;Puglia;29;29
TA;di cui Recuperatore;Puglia;0;0
TA;di cui Smaltitore;Puglia;0;0
TA;di cui Trasportatore;Puglia;2;1
TE;Numero operatori iscritti;Abruzzo;21;10
TE;Numero unita locali iscritte;Abruzzo;21;12
TE;di cui Centro di raccolta;Abruzzo;0;0
TE;di cui Intermediario senza detenzione;Abruzzo;0;0
TE;di cui Produttore;Abruzzo;20;12
TE;di cui Recuperatore;Abruzzo;1;0
TE;di cui Smaltitore;Abruzzo;0;0
TE;di cui Trasportatore;Abruzzo;4;1
TN;Numero operatori iscritti;Trentino Alto Adige;46;17
TN;Numero unita locali iscritte;Trentino Alto Adige;54;22
TN;di cui Centro di raccolta;Trentino Alto Adige;0;1
TN;di cui Intermediario senza detenzione;Trentino Alto Adige;0;0
TN;di cui Produttore;Trentino Alto Adige;54;21
TN;di cui Recuperatore;Trentino Alto Adige;0;1
TN;di cui Smaltitore;Trentino Alto Adige;0;0
TN;di cui Trasportatore;Trentino Alto Adige;6;1
TO;Numero operatori iscritti;Piemonte;66;57
TO;Numero unita locali iscritte;Piemonte;137;89
TO;di cui Centro di raccolta;Piemonte;0;0
TO;di cui Intermediario senza detenzione;Piemonte;0;0
TO;di cui Produttore;Piemonte;134;88
TO;di cui Recuperatore;Piemonte;-2;0
TO;di cui Smaltitore;Piemonte;1;0
TO;di cui Trasportatore;Piemonte;6;12
TP;Numero operatori iscritti;Sicilia;15;16
TP;Numero unita locali iscritte;Sicilia;24;23
TP;di cui Centro di raccolta;Sicilia;0;0
TP;di cui Intermediario senza detenzione;Sicilia;1;0
TP;di cui Produttore;Sicilia;23;24
TP;di cui Recuperatore;Sicilia;1;0
TP;di cui Smaltitore;Sicilia;0;0
TP;di cui Trasportatore;Sicilia;2;0
TR;Numero operatori iscritti;Umbria;14;6
TR;Numero unita locali iscritte;Umbria;19;6
TR;di cui Centro di raccolta;Umbria;0;0
TR;di cui Intermediario senza detenzione;Umbria;0;0
TR;di cui Produttore;Umbria;18;6
TR;di cui Recuperatore;Umbria;0;0
TR;di cui Smaltitore;Umbria;0;0
TR;di cui Trasportatore;Umbria;3;0
TS;Numero operatori iscritti;Friuli Venezia Giulia;9;4
TS;Numero unita locali iscritte;Friuli Venezia Giulia;14;6
TS;di cui Centro di raccolta;Friuli Venezia Giulia;0;0
TS;di cui Intermediario senza detenzione;Friuli Venezia Giulia;0;0
TS;di cui Produttore;Friuli Venezia Giulia;15;6
TS;di cui Recuperatore;Friuli Venezia Giulia;0;0
TS;di cui Smaltitore;Friuli Venezia Giulia;0;0
TS;di cui Trasportatore;Friuli Venezia Giulia;-1;1
TV;Numero operatori iscritti;Veneto;35;23
TV;Numero unita locali iscritte;Veneto;41;29
TV;di cui Centro di raccolta;Veneto;0;0
TV;di cui Intermediario senza detenzione;Veneto;-1;0
TV;di cui Produttore;Veneto;41;29
TV;di cui Recuperatore;Veneto;0;0
TV;di cui Smaltitore;Veneto;0;0
TV;di cui Trasportatore;Veneto;0;0
UD;Numero operatori iscritti;Friuli Venezia Giulia;21;14
UD;Numero unita locali iscritte;Friuli Venezia Giulia;31;20
UD;di cui Centro di raccolta;Friuli Venezia Giulia;2;2
UD;di cui Intermediario senza detenzione;Friuli Venezia Giulia;0;0
UD;di cui Produttore;Friuli Venezia Giulia;32;18
UD;di cui Recuperatore;Friuli Venezia Giulia;0;0
UD;di cui Smaltitore;Friuli Venezia Giulia;0;0
UD;di cui Trasportatore;Friuli Venezia Giulia;1;0
VA;Numero operatori iscritti;Lombardia;29;21
VA;Numero unita locali iscritte;Lombardia;39;31
VA;di cui Centro di raccolta;Lombardia;0;0
VA;di cui Intermediario senza detenzione;Lombardia;0;0
VA;di cui Produttore;Lombardia;38;31
VA;di cui Recuperatore;Lombardia;0;0
VA;di cui Smaltitore;Lombardia;0;0
VA;di cui Trasportatore;Lombardia;3;2
VB;Numero operatori iscritti;Piemonte;9;6
VB;Numero unita locali iscritte;Piemonte;10;10
VB;di cui Centro di raccolta;Piemonte;0;0
VB;di cui Intermediario senza detenzione;Piemonte;0;0
VB;di cui Produttore;Piemonte;10;7
VB;di cui Recuperatore;Piemonte;0;1
VB;di cui Smaltitore;Piemonte;0;0
VB;di cui Trasportatore;Piemonte;1;1
VC;Numero operatori iscritti;Piemonte;9;6
VC;Numero unita locali iscritte;Piemonte;12;6
VC;di cui Centro di raccolta;Piemonte;0;0
VC;di cui Intermediario senza detenzione;Piemonte;0;0
VC;di cui Produttore;Piemonte;11;6
VC;di cui Recuperatore;Piemonte;1;0
VC;di cui Smaltitore;Piemonte;0;0
VC;di cui Trasportatore;Piemonte;0;1
VE;Numero operatori iscritti;Veneto;27;20
VE;Numero unita locali iscritte;Veneto;34;31
VE;di cui Centro di raccolta;Veneto;0;0
VE;di cui Intermediario senza detenzione;Veneto;1;0
VE;di cui Produttore;Veneto;33;30
VE;di cui Recuperatore;Veneto;1;0
VE;di cui Smaltitore;Veneto;0;0
VE;di cui Trasportatore;Veneto;3;1
VI;Numero operatori iscritti;Veneto;28;14
VI;Numero unita locali iscritte;Veneto;36;24
VI;di cui Centro di raccolta;Veneto;0;0
VI;di cui Intermediario senza detenzione;Veneto;-1;1
VI;di cui Produttore;Veneto;35;23
VI;di cui Recuperatore;Veneto;0;1
VI;di cui Smaltitore;Veneto;0;0
VI;di cui Trasportatore;Veneto;3;0
VR;Numero operatori iscritti;Veneto;32;28
VR;Numero unita locali iscritte;Veneto;36;36
VR;di cui Centro di raccolta;Veneto;0;0
VR;di cui Intermediario senza detenzione;Veneto;0;0
VR;di cui Produttore;Veneto;35;33
VR;di cui Recuperatore;Veneto;-1;0
VR;di cui Smaltitore;Veneto;-2;0
VR;di cui Trasportatore;Veneto;-1;5
VS;Numero operatori iscritti;Sardegna;11;7
VS;Numero unita locali iscritte;Sardegna;12;7
VS;di cui Centro di raccolta;Sardegna;0;0
VS;di cui Intermediario senza detenzione;Sardegna;0;0
VS;di cui Produttore;Sardegna;12;7
VS;di cui Recuperatore;Sardegna;1;0
VS;di cui Smaltitore;Sardegna;0;0
VS;di cui Trasportatore;Sardegna;0;1
VT;Numero operatori iscritti;Lazio;19;15
VT;Numero unita locali iscritte;Lazio;22;22
VT;di cui Centro di raccolta;Lazio;0;0
VT;di cui Intermediario senza detenzione;Lazio;0;0
VT;di cui Produttore;Lazio;23;22
VT;di cui Recuperatore;Lazio;1;0
VT;di cui Smaltitore;Lazio;0;0
VT;di cui Trasportatore;Lazio;3;2
VV;Numero operatori iscritti;Calabria;8;3
VV;Numero unita locali iscritte;Calabria;9;3
VV;di cui Centro di raccolta;Calabria;0;0
VV;di cui Intermediario senza detenzione;Calabria;0;0
VV;di cui Produttore;Calabria;9;3
VV;di cui Recuperatore;Calabria;0;0
VV;di cui Smaltitore;Calabria;0;0
VV;di cui Trasportatore;Calabria;1;0
