Anno;Provincia produttore;Materiale;Unita di misura;Regione;Materiale_ID;Tot_2026-08-03
2026;AG;Aggregati riciclati;kg;Sicilia;5;85018715
2026;AG;Altro;kg;Sicilia;23;476767
2026;AG;Ammendante compostato misto;kg;Sicilia;2;3325670
2026;AG;Ammendante compostato verde;kg;Sicilia;1;53660
2026;AG;Carta e cartone;kg;Sicilia;10;14322220
2026;AG;Granulato di Conglomerato bituminoso;kg;Sicilia;20;2441570
2026;AG;Rottami di ferro e acciaio;kg;Sicilia;8;1975960
2026;AG;Tessili;kg;Sicilia;14;115065
2026;AL;Aggregati riciclati;kg;Piemonte;5;239960303
2026;AL;Altri Fertilizzanti;kg;Piemonte;19;1458270
2026;AL;Altro;kg;Piemonte;23;16032306
2026;AL;Ammendante compostato misto;kg;Piemonte;2;73600
2026;AL;CSS – combustibile;kg;Piemonte;13;2438450
2026;AL;Carta e cartone;kg;Piemonte;10;24948845
2026;AL;Granulato di Conglomerato bituminoso;kg;Piemonte;20;24469600
2026;AL;Legno e sughero;kg;Piemonte;12;1955751
2026;AL;Plastica;kg;Piemonte;11;6785712
2026;AL;Rottami di alluminio;kg;Piemonte;6;2256111
2026;AL;Rottami di ferro e acciaio;kg;Piemonte;8;8656276
2026;AL;Rottami di rame;kg;Piemonte;9;3129048
2026;AN;Aggregati riciclati;kg;Marche;5;95338833
2026;AN;Altro;kg;Marche;23;16256534
2026;AN;Ammendante compostato misto;kg;Marche;2;294830
2026;AN;Ammendante compostato verde;kg;Marche;1;810230
2026;AN;CSS – combustibile;kg;Marche;13;3360000
2026;AN;Carta e cartone;kg;Marche;10;25495033
2026;AN;Digestato;kg;Marche;4;5000
2026;AN;Gomma;kg;Marche;15;3559623
2026;AN;Granulato di Conglomerato bituminoso;kg;Marche;20;33568504
2026;AN;Legno e sughero;kg;Marche;12;879162
2026;AN;Plastica;kg;Marche;11;984234
2026;AN;Rottami di alluminio;kg;Marche;6;1968575
2026;AN;Rottami di ferro e acciaio;kg;Marche;8;51626720
2026;AN;Rottami di rame;kg;Marche;9;8960
2026;AN;Rottami di vetro;kg;Marche;7;28140
2026;AO;Aggregati riciclati;kg;Valle d`Aosta;5;3673998
2026;AO;Ammendante compostato verde;kg;Valle d`Aosta;1;62300
2026;AO;Carta e cartone;kg;Valle d`Aosta;10;5743780
2026;AO;Rottami di alluminio;kg;Valle d`Aosta;6;10260
2026;AO;Rottami di ferro e acciaio;kg;Valle d`Aosta;8;5004121
2026;AO;Rottami di rame;kg;Valle d`Aosta;9;7760
2026;AP;Aggregati riciclati;kg;Marche;5;161042107
2026;AP;Altro;kg;Marche;23;10469115
2026;AP;Carta e cartone;kg;Marche;10;9855967
2026;AP;Gomma;kg;Marche;15;1153737
2026;AP;Granulato di Conglomerato bituminoso;kg;Marche;20;20789642
2026;AP;Plastica;kg;Marche;11;632525
2026;AP;Rottami di alluminio;kg;Marche;6;97074
2026;AP;Rottami di ferro e acciaio;kg;Marche;8;11553378
2026;AP;Rottami di rame;kg;Marche;9;13665
2026;AQ;Aggregati riciclati;kg;Abruzzo;5;305163662
2026;AQ;Altro;kg;Abruzzo;23;5575660
2026;AQ;Carta e cartone;kg;Abruzzo;10;3166000
2026;AQ;Granulato di Conglomerato bituminoso;kg;Abruzzo;20;57089604
2026;AQ;Plastica;kg;Abruzzo;11;7019
2026;AQ;Rottami di ferro e acciaio;kg;Abruzzo;8;1727054
2026;AQ;Rottami di rame;kg;Abruzzo;9;1191
2026;AR;Aggregati riciclati;kg;Toscana;5;21519850
2026;AR;Altro;kg;Toscana;23;195873
2026;AR;Ammendante compostato misto;kg;Toscana;2;1734500
2026;AR;Carta e cartone;kg;Toscana;10;19927954
2026;AR;Granulato di Conglomerato bituminoso;kg;Toscana;20;36027400
2026;AR;Legno e sughero;kg;Toscana;12;5350360
2026;AR;Plastica;kg;Toscana;11;1549795
2026;AR;Rottami di alluminio;kg;Toscana;6;280
2026;AR;Rottami di ferro e acciaio;kg;Toscana;8;10163638
2026;AR;Rottami di rame;kg;Toscana;9;92650
2026;AT;Aggregati riciclati;kg;Piemonte;5;104683995
2026;AT;Altro;kg;Piemonte;23;23116404
2026;AT;Carta e cartone;kg;Piemonte;10;6888359
2026;AT;Correttivi da Fanghi;kg;Piemonte;18;5737759
2026;AT;Granulato di Conglomerato bituminoso;kg;Piemonte;20;1496880
2026;AT;Plastica;kg;Piemonte;11;18940
2026;AT;Rottami di alluminio;kg;Piemonte;6;1980
2026;AT;Rottami di ferro e acciaio;kg;Piemonte;8;51174529
2026;AT;Rottami di rame;kg;Piemonte;9;240
2026;AV;Aggregati riciclati;kg;Campania;5;493027741
2026;AV;Altro;kg;Campania;23;18660502
2026;AV;Carta e cartone;kg;Campania;10;8365849
2026;AV;Gomma;kg;Campania;15;598000
2026;AV;Granulato di Conglomerato bituminoso;kg;Campania;20;64885400
2026;AV;Plastica;kg;Campania;11;8414319
2026;AV;Rottami di alluminio;kg;Campania;6;196226
2026;AV;Rottami di ferro e acciaio;kg;Campania;8;14040675
2026;AV;Rottami di rame;kg;Campania;9;8030
2026;AV;Tessili;kg;Campania;14;5365
2026;BA;Aggregati riciclati;kg;Puglia;5;719546017
2026;BA;Altri Ammendanti;kg;Puglia;3;308000
2026;BA;Altro;kg;Puglia;23;27295764
2026;BA;Carta e cartone;kg;Puglia;10;32758591
2026;BA;Digestato;kg;Puglia;4;9990
2026;BA;Gomma vulcanizzata da PFU;kg;Puglia;22;16347584
2026;BA;Granulato di Conglomerato bituminoso;kg;Puglia;20;13883860
2026;BA;Legno e sughero;kg;Puglia;12;9556870
2026;BA;Plastica;kg;Puglia;11;6347170
2026;BA;Rottami di alluminio;kg;Puglia;6;2655805
2026;BA;Rottami di ferro e acciaio;kg;Puglia;8;49644592
2026;BA;Rottami di rame;kg;Puglia;9;890022
2026;BA;Tessili;kg;Puglia;14;170400
2026;BG;Aggregati riciclati;kg;Lombardia;5;1098274082
2026;BG;Altri Ammendanti;kg;Lombardia;3;49108000
2026;BG;Altro;kg;Lombardia;23;315381053
2026;BG;Ammendante compostato misto;kg;Lombardia;2;61779440
2026;BG;Ammendante compostato verde;kg;Lombardia;1;20862089
2026;BG;Carta e cartone;kg;Lombardia;10;62150773
2026;BG;Gomma vulcanizzata da PFU;kg;Lombardia;22;2012335
2026;BG;Granulato di Conglomerato bituminoso;kg;Lombardia;20;123954918
2026;BG;Legno e sughero;kg;Lombardia;12;697109
2026;BG;Plastica;kg;Lombardia;11;81568161
2026;BG;Rottami di alluminio;kg;Lombardia;6;27298443
2026;BG;Rottami di ferro e acciaio;kg;Lombardia;8;453223294
2026;BG;Rottami di rame;kg;Lombardia;9;5265855
2026;BG;Rottami di vetro;kg;Lombardia;7;15948680
2026;BG;Tessili;kg;Lombardia;14;1595135
2026;BI;Aggregati riciclati;kg;Piemonte;5;147663894
2026;BI;Altro;kg;Piemonte;23;12102800
2026;BI;Ammendante compostato verde;kg;Piemonte;1;39590
2026;BI;CSS – combustibile;kg;Piemonte;13;1040330
2026;BI;Carta e cartone;kg;Piemonte;10;9277320
2026;BI;Granulato di Conglomerato bituminoso;kg;Piemonte;20;35476000
2026;BI;Legno e sughero;kg;Piemonte;12;302256
2026;BI;Materiali ceramici;kg;Piemonte;17;829360
2026;BI;Plastica;kg;Piemonte;11;2477315
2026;BI;Rottami di alluminio;kg;Piemonte;6;142530
2026;BI;Rottami di ferro e acciaio;kg;Piemonte;8;6705213
2026;BI;Rottami di rame;kg;Piemonte;9;5150
2026;BI;Rottami di vetro;kg;Piemonte;7;44435308
2026;BL;Aggregati riciclati;kg;Veneto;5;118357436
2026;BL;Altro;kg;Veneto;23;1098301
2026;BL;Ammendante compostato misto;kg;Veneto;2;3735160
2026;BL;Carta e cartone;kg;Veneto;10;1156870
2026;BL;Digestato;kg;Veneto;4;233800
2026;BL;Legno e sughero;kg;Veneto;12;2380
2026;BL;Plastica;kg;Veneto;11;203059
2026;BL;Rottami di alluminio;kg;Veneto;6;398021
2026;BL;Rottami di ferro e acciaio;kg;Veneto;8;2986348
2026;BL;Rottami di rame;kg;Veneto;9;148810
2026;BN;Aggregati riciclati;kg;Campania;5;103220472
2026;BN;Altro;kg;Campania;23;89471410
2026;BN;Carta e cartone;kg;Campania;10;8231161
2026;BN;Granulato di Conglomerato bituminoso;kg;Campania;20;16439213
2026;BN;Plastica;kg;Campania;11;110297
2026;BN;Rottami di ferro e acciaio;kg;Campania;8;5738661
2026;BN;Tessili;kg;Campania;14;2244931
2026;BO;Aggregati riciclati;kg;Emilia Romagna;5;615077996
2026;BO;Altri Ammendanti;kg;Emilia Romagna;3;1288000
2026;BO;Altro;kg;Emilia Romagna;23;73042408
2026;BO;Ammendante compostato misto;kg;Emilia Romagna;2;16159850
2026;BO;Ammendante compostato verde;kg;Emilia Romagna;1;4117270
2026;BO;Carta e cartone;kg;Emilia Romagna;10;71215482
2026;BO;Correttivi da Fanghi;kg;Emilia Romagna;18;115770
2026;BO;Gomma vulcanizzata da PFU;kg;Emilia Romagna;22;511732
2026;BO;Granulato di Conglomerato bituminoso;kg;Emilia Romagna;20;79047420
2026;BO;Legno e sughero;kg;Emilia Romagna;12;5770823
2026;BO;Plastica;kg;Emilia Romagna;11;2577576
2026;BO;Rottami di alluminio;kg;Emilia Romagna;6;6334941
2026;BO;Rottami di ferro e acciaio;kg;Emilia Romagna;8;140613622
2026;BO;Rottami di rame;kg;Emilia Romagna;9;4105727
2026;BO;Tessili;kg;Emilia Romagna;14;529
2026;BR;Aggregati riciclati;kg;Puglia;5;220844094
2026;BR;Altro;kg;Puglia;23;7755195
2026;BR;Ammendante compostato misto;kg;Puglia;2;7037000
2026;BR;Carta e cartone;kg;Puglia;10;2076010
2026;BR;Granulato di Conglomerato bituminoso;kg;Puglia;20;754210
2026;BR;Legno e sughero;kg;Puglia;12;45640
2026;BR;Plastica;kg;Puglia;11;368010
2026;BR;Rottami di alluminio;kg;Puglia;6;150011
2026;BR;Rottami di ferro e acciaio;kg;Puglia;8;31958337
2026;BR;Rottami di rame;kg;Puglia;9;1930
2026;BR;Tessili;kg;Puglia;14;25010
2026;BS;Aggregati riciclati;kg;Lombardia;5;1804204200
2026;BS;Altri Ammendanti;kg;Lombardia;3;1291160
2026;BS;Altro;kg;Lombardia;23;619481617
2026;BS;Ammendante compostato verde;kg;Lombardia;1;38452680
2026;BS;CSS – combustibile;kg;Lombardia;13;68016200
2026;BS;Carta e cartone;kg;Lombardia;10;88116119
2026;BS;Cuoio;kg;Lombardia;16;16
2026;BS;Gomma vulcanizzata da PFU;kg;Lombardia;22;7825410
2026;BS;Granulato di Conglomerato bituminoso;kg;Lombardia;20;140009700
2026;BS;Legno e sughero;kg;Lombardia;12;11252450
2026;BS;Plastica;kg;Lombardia;11;29168963
2026;BS;Rottami di alluminio;kg;Lombardia;6;113305147
2026;BS;Rottami di ferro e acciaio;kg;Lombardia;8;541723941
2026;BS;Rottami di rame;kg;Lombardia;9;24367639
2026;BS;Rottami di vetro;kg;Lombardia;7;16643470
2026;BS;Tessili;kg;Lombardia;14;240839
2026;BT;Aggregati riciclati;kg;Puglia;5;147481705
2026;BT;Altro;kg;Puglia;23;1649396
2026;BT;Ammendante compostato misto;kg;Puglia;2;1874590
2026;BT;CSS – combustibile;kg;Puglia;13;25747430
2026;BT;Carta e cartone;kg;Puglia;10;16318102
2026;BT;Gomma vulcanizzata da PFU;kg;Puglia;22;7000
2026;BT;Granulato di Conglomerato bituminoso;kg;Puglia;20;38245280
2026;BT;Legno e sughero;kg;Puglia;12;195125
2026;BT;Plastica;kg;Puglia;11;4265003
2026;BT;Rottami di alluminio;kg;Puglia;6;898915
2026;BT;Rottami di ferro e acciaio;kg;Puglia;8;11906522
2026;BT;Rottami di rame;kg;Puglia;9;880718
2026;BT;Rottami di vetro;kg;Puglia;7;7872440
2026;BT;Tessili;kg;Puglia;14;529112
2026;BZ;Aggregati riciclati;kg;Trentino Alto Adige;5;619803164
2026;BZ;Altri Ammendanti;kg;Trentino Alto Adige;3;58210
2026;BZ;Altro;kg;Trentino Alto Adige;23;22791561
2026;BZ;Ammendante compostato misto;kg;Trentino Alto Adige;2;4123960
2026;BZ;Ammendante compostato verde;kg;Trentino Alto Adige;1;664390
2026;BZ;Carta e cartone;kg;Trentino Alto Adige;10;16463222
2026;BZ;Gomma;kg;Trentino Alto Adige;15;4138380
2026;BZ;Granulato di Conglomerato bituminoso;kg;Trentino Alto Adige;20;11455780
2026;BZ;Legno e sughero;kg;Trentino Alto Adige;12;3398266
2026;BZ;Materiali secondari derivanti dal recupero di prodotti assorbenti per la persona;kg;Trentino Alto Adige;21;16810
2026;BZ;Plastica;kg;Trentino Alto Adige;11;2356928
2026;BZ;Rottami di alluminio;kg;Trentino Alto Adige;6;128029
2026;BZ;Rottami di ferro e acciaio;kg;Trentino Alto Adige;8;18203913
2026;BZ;Rottami di rame;kg;Trentino Alto Adige;9;67780
2026;CA;Aggregati riciclati;kg;Sardegna;5;257381252
2026;CA;Altro;kg;Sardegna;23;8954996
2026;CA;Ammendante compostato verde;kg;Sardegna;1;2103750
2026;CA;Carta e cartone;kg;Sardegna;10;7506970
2026;CA;Granulato di Conglomerato bituminoso;kg;Sardegna;20;14110240
2026;CA;Legno e sughero;kg;Sardegna;12;2856
2026;CA;Plastica;kg;Sardegna;11;582036
2026;CA;Rottami di ferro e acciaio;kg;Sardegna;8;21941055
2026;CB;Aggregati riciclati;kg;Molise;5;40791702
2026;CB;Altri Ammendanti;kg;Molise;3;680000
2026;CB;Altro;kg;Molise;23;8495612
2026;CB;Carta e cartone;kg;Molise;10;3243420
2026;CB;Granulato di Conglomerato bituminoso;kg;Molise;20;72987420
2026;CB;Plastica;kg;Molise;11;26965
2026;CB;Rottami di ferro e acciaio;kg;Molise;8;2932054
2026;CE;Aggregati riciclati;kg;Campania;5;520894532
2026;CE;Altri Ammendanti;kg;Campania;3;673770
2026;CE;Altro;kg;Campania;23;16582812
2026;CE;CSS – combustibile;kg;Campania;13;67895
2026;CE;Carta e cartone;kg;Campania;10;51862204
2026;CE;Digestato;kg;Campania;4;300000
2026;CE;Gomma;kg;Campania;15;17400
2026;CE;Gomma vulcanizzata da PFU;kg;Campania;22;653250
2026;CE;Granulato di Conglomerato bituminoso;kg;Campania;20;22102830
2026;CE;Legno e sughero;kg;Campania;12;996180
2026;CE;Plastica;kg;Campania;11;5616822
2026;CE;Rottami di alluminio;kg;Campania;6;4035164
2026;CE;Rottami di ferro e acciaio;kg;Campania;8;26926071
2026;CE;Rottami di rame;kg;Campania;9;3221684
2026;CE;Rottami di vetro;kg;Campania;7;620
2026;CE;Tessili;kg;Campania;14;43052844
2026;CH;Aggregati riciclati;kg;Abruzzo;5;177761503
2026;CH;Altro;kg;Abruzzo;23;29990315
2026;CH;Carta e cartone;kg;Abruzzo;10;22373993
2026;CH;Granulato di Conglomerato bituminoso;kg;Abruzzo;20;5942090
2026;CH;Legno e sughero;kg;Abruzzo;12;147970
2026;CH;Materiali ceramici;kg;Abruzzo;17;1463520
2026;CH;Plastica;kg;Abruzzo;11;3607009
2026;CH;Rottami di alluminio;kg;Abruzzo;6;18714
2026;CH;Rottami di ferro e acciaio;kg;Abruzzo;8;12714238
2026;CH;Rottami di rame;kg;Abruzzo;9;5588
2026;CH;Tessili;kg;Abruzzo;14;400
2026;CI;Granulato di Conglomerato bituminoso;kg;Sardegna;20;3750000
2026;CL;Aggregati riciclati;kg;Sicilia;5;26494668
2026;CL;Altro;kg;Sicilia;23;11009795
2026;CL;Ammendante compostato misto;kg;Sicilia;2;1500000
2026;CL;Plastica;kg;Sicilia;11;8388395
2026;CN;Aggregati riciclati;kg;Piemonte;5;369350287
2026;CN;Altro;kg;Piemonte;23;48009959
2026;CN;Ammendante compostato misto;kg;Piemonte;2;18807090
2026;CN;Ammendante compostato verde;kg;Piemonte;1;1053520
2026;CN;Carta e cartone;kg;Piemonte;10;57807217
2026;CN;Granulato di Conglomerato bituminoso;kg;Piemonte;20;58920955
2026;CN;Legno e sughero;kg;Piemonte;12;1522040
2026;CN;Plastica;kg;Piemonte;11;41165021
2026;CN;Rottami di alluminio;kg;Piemonte;6;859731
2026;CN;Rottami di ferro e acciaio;kg;Piemonte;8;58912205
2026;CN;Rottami di rame;kg;Piemonte;9;83552
2026;CN;Tessili;kg;Piemonte;14;16708
2026;CO;Aggregati riciclati;kg;Lombardia;5;167139464
2026;CO;Altro;kg;Lombardia;23;13694933
2026;CO;Ammendante compostato verde;kg;Lombardia;1;19598702
2026;CO;CSS – combustibile;kg;Lombardia;13;4605089
2026;CO;Carta e cartone;kg;Lombardia;10;22830582
2026;CO;Gomma;kg;Lombardia;15;175973
2026;CO;Gomma vulcanizzata da PFU;kg;Lombardia;22;700000
2026;CO;Granulato di Conglomerato bituminoso;kg;Lombardia;20;30554090
2026;CO;Legno e sughero;kg;Lombardia;12;1584810
2026;CO;Plastica;kg;Lombardia;11;12540025
2026;CO;Rottami di alluminio;kg;Lombardia;6;446176
2026;CO;Rottami di ferro e acciaio;kg;Lombardia;8;81979744
2026;CO;Rottami di rame;kg;Lombardia;9;183787
2026;CO;Rottami di vetro;kg;Lombardia;7;54540
2026;CO;Tessili;kg;Lombardia;14;9300
2026;CR;Aggregati riciclati;kg;Lombardia;5;252262445
2026;CR;Altro;kg;Lombardia;23;28639882
2026;CR;Ammendante compostato verde;kg;Lombardia;1;144001
2026;CR;Carta e cartone;kg;Lombardia;10;9974360
2026;CR;Gomma;kg;Lombardia;15;1552925
2026;CR;Granulato di Conglomerato bituminoso;kg;Lombardia;20;10187020
2026;CR;Legno e sughero;kg;Lombardia;12;3455690
2026;CR;Plastica;kg;Lombardia;11;1802537
2026;CR;Rottami di alluminio;kg;Lombardia;6;211160
2026;CR;Rottami di ferro e acciaio;kg;Lombardia;8;27992604
2026;CR;Rottami di rame;kg;Lombardia;9;48899
2026;CR;Tessili;kg;Lombardia;14;181865
2026;CS;Aggregati riciclati;kg;Calabria;5;155222632
2026;CS;Altro;kg;Calabria;23;9394134
2026;CS;Carta e cartone;kg;Calabria;10;8759030
2026;CS;Granulato di Conglomerato bituminoso;kg;Calabria;20;20896081
2026;CS;Plastica;kg;Calabria;11;800
2026;CS;Rottami di alluminio;kg;Calabria;6;134380
2026;CS;Rottami di ferro e acciaio;kg;Calabria;8;5623630
2026;CS;Rottami di rame;kg;Calabria;9;4000
2026;CS;Tessili;kg;Calabria;14;478623
2026;CT;Aggregati riciclati;kg;Sicilia;5;264837670
2026;CT;Altri Ammendanti;kg;Sicilia;3;44346836
2026;CT;Altro;kg;Sicilia;23;33755587
2026;CT;Ammendante compostato misto;kg;Sicilia;2;15181038
2026;CT;Ammendante compostato verde;kg;Sicilia;1;1011900
2026;CT;Carta e cartone;kg;Sicilia;10;12799740
2026;CT;Granulato di Conglomerato bituminoso;kg;Sicilia;20;1457230
2026;CT;Plastica;kg;Sicilia;11;2340759
2026;CT;Rottami di alluminio;kg;Sicilia;6;298463
2026;CT;Rottami di ferro e acciaio;kg;Sicilia;8;7661727
2026;CT;Rottami di rame;kg;Sicilia;9;87600
2026;CZ;Aggregati riciclati;kg;Calabria;5;270331419
2026;CZ;Altri Fertilizzanti;kg;Calabria;19;1017380
2026;CZ;Altro;kg;Calabria;23;37416323
2026;CZ;Ammendante compostato misto;kg;Calabria;2;5085240
2026;CZ;Carta e cartone;kg;Calabria;10;7901230
2026;CZ;Gomma vulcanizzata da PFU;kg;Calabria;22;3100770
2026;CZ;Plastica;kg;Calabria;11;1063645
2026;CZ;Rottami di alluminio;kg;Calabria;6;31165
2026;CZ;Rottami di ferro e acciaio;kg;Calabria;8;3295156
2026;CZ;Rottami di vetro;kg;Calabria;7;222
2026;EN;Aggregati riciclati;kg;Sicilia;5;130727776
2026;EN;Ammendante compostato misto;kg;Sicilia;2;6521121
2026;EN;Carta e cartone;kg;Sicilia;10;13317875
2026;EN;Granulato di Conglomerato bituminoso;kg;Sicilia;20;181110
2026;FC;Aggregati riciclati;kg;Emilia Romagna;5;174911265
2026;FC;Altri Ammendanti;kg;Emilia Romagna;3;1512380
2026;FC;Altro;kg;Emilia Romagna;23;3073260
2026;FC;Ammendante compostato misto;kg;Emilia Romagna;2;5595980
2026;FC;Carta e cartone;kg;Emilia Romagna;10;37136706
2026;FC;Granulato di Conglomerato bituminoso;kg;Emilia Romagna;20;131573737
2026;FC;Legno e sughero;kg;Emilia Romagna;12;2900142
2026;FC;Plastica;kg;Emilia Romagna;11;3345168
2026;FC;Rottami di alluminio;kg;Emilia Romagna;6;1368832
2026;FC;Rottami di ferro e acciaio;kg;Emilia Romagna;8;54531080
2026;FC;Rottami di rame;kg;Emilia Romagna;9;1669705
2026;FC;Rottami di vetro;kg;Emilia Romagna;7;293490
2026;FE;Aggregati riciclati;kg;Emilia Romagna;5;118528503
2026;FE;Altro;kg;Emilia Romagna;23;16243370
2026;FE;Ammendante compostato misto;kg;Emilia Romagna;2;7049170
2026;FE;CSS – combustibile;kg;Emilia Romagna;13;1107200
2026;FE;Carta e cartone;kg;Emilia Romagna;10;18494630
2026;FE;Granulato di Conglomerato bituminoso;kg;Emilia Romagna;20;47423503
2026;FE;Legno e sughero;kg;Emilia Romagna;12;452634
2026;FE;Plastica;kg;Emilia Romagna;11;17502022
2026;FE;Rottami di alluminio;kg;Emilia Romagna;6;7625600
2026;FE;Rottami di ferro e acciaio;kg;Emilia Romagna;8;22826391
2026;FE;Rottami di rame;kg;Emilia Romagna;9;7899279
2026;FG;Aggregati riciclati;kg;Puglia;5;487107728
2026;FG;Altri Ammendanti;kg;Puglia;3;11927950
2026;FG;Altri Fertilizzanti;kg;Puglia;19;1726400
2026;FG;Altro;kg;Puglia;23;72736534
2026;FG;Ammendante compostato misto;kg;Puglia;2;34190016
2026;FG;Carta e cartone;kg;Puglia;10;40258321
2026;FG;Correttivi da Fanghi;kg;Puglia;18;834180
2026;FG;Gomma;kg;Puglia;15;4445500
2026;FG;Granulato di Conglomerato bituminoso;kg;Puglia;20;23082530
2026;FG;Plastica;kg;Puglia;11;1877666
2026;FG;Rottami di alluminio;kg;Puglia;6;1040817
2026;FG;Rottami di ferro e acciaio;kg;Puglia;8;20933731
2026;FG;Rottami di rame;kg;Puglia;9;11550
2026;FG;Rottami di vetro;kg;Puglia;7;71404
2026;FG;Tessili;kg;Puglia;14;144020
2026;FI;Aggregati riciclati;kg;Toscana;5;687626819
2026;FI;Altri Fertilizzanti;kg;Toscana;19;1381830
2026;FI;Altro;kg;Toscana;23;163765249
2026;FI;Ammendante compostato misto;kg;Toscana;2;7587762
2026;FI;Carta e cartone;kg;Toscana;10;57502343
2026;FI;Cuoio;kg;Toscana;16;3260
2026;FI;Gomma;kg;Toscana;15;13470
2026;FI;Granulato di Conglomerato bituminoso;kg;Toscana;20;63507060
2026;FI;Legno e sughero;kg;Toscana;12;62201
2026;FI;Plastica;kg;Toscana;11;1524059
2026;FI;Rottami di alluminio;kg;Toscana;6;1658445
2026;FI;Rottami di ferro e acciaio;kg;Toscana;8;13406717
2026;FI;Rottami di rame;kg;Toscana;9;133838
2026;FI;Rottami di vetro;kg;Toscana;7;62613133
2026;FI;Tessili;kg;Toscana;14;17940
2026;FM;Aggregati riciclati;kg;Marche;5;900000
2026;FM;Altri Fertilizzanti;kg;Marche;19;1204635
2026;FM;Altro;kg;Marche;23;17461311
2026;FM;Ammendante compostato misto;kg;Marche;2;2580690
2026;FM;Carta e cartone;kg;Marche;10;5074375
2026;FM;Gomma vulcanizzata da PFU;kg;Marche;22;4365795
2026;FM;Granulato di Conglomerato bituminoso;kg;Marche;20;33600000
2026;FM;Rottami di alluminio;kg;Marche;6;237586
2026;FM;Rottami di ferro e acciaio;kg;Marche;8;6599102
2026;FR;Aggregati riciclati;kg;Lazio;5;65270108
2026;FR;Altri Ammendanti;kg;Lazio;3;4236600
2026;FR;Altro;kg;Lazio;23;4324149
2026;FR;Ammendante compostato verde;kg;Lazio;1;1252490
2026;FR;CSS – combustibile;kg;Lazio;13;93586
2026;FR;Carta e cartone;kg;Lazio;10;28659428
2026;FR;Granulato di Conglomerato bituminoso;kg;Lazio;20;13619680
2026;FR;Plastica;kg;Lazio;11;3645932
2026;FR;Rottami di ferro e acciaio;kg;Lazio;8;1613718
2026;FR;Rottami di vetro;kg;Lazio;7;132254107
2026;GE;Aggregati riciclati;kg;Liguria;5;24889458
2026;GE;Altri Ammendanti;kg;Liguria;3;10000
2026;GE;Altro;kg;Liguria;23;4426243
2026;GE;Carta e cartone;kg;Liguria;10;31260822
2026;GE;Gomma;kg;Liguria;15;761820
2026;GE;Granulato di Conglomerato bituminoso;kg;Liguria;20;41208970
2026;GE;Legno e sughero;kg;Liguria;12;74679
2026;GE;Rottami di alluminio;kg;Liguria;6;87352
2026;GE;Rottami di ferro e acciaio;kg;Liguria;8;23604856
2026;GE;Rottami di rame;kg;Liguria;9;409195
2026;GO;Aggregati riciclati;kg;Friuli Venezia Giulia;5;79930670
2026;GO;Altro;kg;Friuli Venezia Giulia;23;6511670
2026;GO;Ammendante compostato misto;kg;Friuli Venezia Giulia;2;1560000
2026;GO;Carta e cartone;kg;Friuli Venezia Giulia;10;3937070
2026;GO;Granulato di Conglomerato bituminoso;kg;Friuli Venezia Giulia;20;34508550
2026;GO;Plastica;kg;Friuli Venezia Giulia;11;99122
2026;GO;Rottami di alluminio;kg;Friuli Venezia Giulia;6;284290
2026;GO;Rottami di ferro e acciaio;kg;Friuli Venezia Giulia;8;18082040
2026;GO;Rottami di rame;kg;Friuli Venezia Giulia;9;316230
2026;GR;Aggregati riciclati;kg;Toscana;5;42265185
2026;GR;Altri Ammendanti;kg;Toscana;3;16993980
2026;GR;Altro;kg;Toscana;23;72073850
2026;GR;Carta e cartone;kg;Toscana;10;4857765
2026;GR;Granulato di Conglomerato bituminoso;kg;Toscana;20;9478850
2026;GR;Rottami di alluminio;kg;Toscana;6;88161
2026;GR;Rottami di ferro e acciaio;kg;Toscana;8;6006843
2026;IM;Aggregati riciclati;kg;Liguria;5;44009700
2026;IM;Altro;kg;Liguria;23;1977153
2026;IM;Ammendante compostato verde;kg;Liguria;1;2728740
2026;IM;Carta e cartone;kg;Liguria;10;3596350
2026;IM;Granulato di Conglomerato bituminoso;kg;Liguria;20;11370063
2026;IM;Rottami di ferro e acciaio;kg;Liguria;8;2470400
2026;IM;Rottami di rame;kg;Liguria;9;5300
2026;IS;Aggregati riciclati;kg;Molise;5;18295489
2026;IS;Altro;kg;Molise;23;67940
2026;IS;Carta e cartone;kg;Molise;10;3259432
2026;IS;Granulato di Conglomerato bituminoso;kg;Molise;20;29660
2026;IS;Plastica;kg;Molise;11;638801
2026;IS;Rottami di alluminio;kg;Molise;6;1722266
2026;IS;Rottami di ferro e acciaio;kg;Molise;8;2580320
2026;KR;Aggregati riciclati;kg;Calabria;5;29917800
2026;KR;Altri Fertilizzanti;kg;Calabria;19;1313881
2026;KR;Altro;kg;Calabria;23;238000
2026;KR;Carta e cartone;kg;Calabria;10;1234940
2026;KR;Plastica;kg;Calabria;11;465721
2026;KR;Rottami di alluminio;kg;Calabria;6;14360
2026;KR;Rottami di ferro e acciaio;kg;Calabria;8;5634288
2026;KR;Rottami di rame;kg;Calabria;9;20030
2026;LC;Aggregati riciclati;kg;Lombardia;5;138399640
2026;LC;Altro;kg;Lombardia;23;2665195
2026;LC;Ammendante compostato misto;kg;Lombardia;2;1880000
2026;LC;Carta e cartone;kg;Lombardia;10;16826380
2026;LC;Granulato di Conglomerato bituminoso;kg;Lombardia;20;6083800
2026;LC;Legno e sughero;kg;Lombardia;12;11091070
2026;LC;Plastica;kg;Lombardia;11;440686
2026;LC;Rottami di alluminio;kg;Lombardia;6;1282970
2026;LC;Rottami di ferro e acciaio;kg;Lombardia;8;123707477
2026;LC;Rottami di rame;kg;Lombardia;9;199063
2026;LC;Tessili;kg;Lombardia;14;526164
2026;LE;Aggregati riciclati;kg;Puglia;5;383644582
2026;LE;Altri Ammendanti;kg;Puglia;3;685000
2026;LE;Altro;kg;Puglia;23;42873800
2026;LE;Ammendante compostato misto;kg;Puglia;2;11200
2026;LE;Ammendante compostato verde;kg;Puglia;1;487505
2026;LE;Carta e cartone;kg;Puglia;10;53084178
2026;LE;Digestato;kg;Puglia;4;237600
2026;LE;Granulato di Conglomerato bituminoso;kg;Puglia;20;6694850
2026;LE;Legno e sughero;kg;Puglia;12;1168740
2026;LE;Materiali secondari derivanti dal recupero di prodotti assorbenti per la persona;kg;Puglia;21;0
2026;LE;Plastica;kg;Puglia;11;219502
2026;LE;Rottami di alluminio;kg;Puglia;6;1125343
2026;LE;Rottami di ferro e acciaio;kg;Puglia;8;55946837
2026;LE;Rottami di rame;kg;Puglia;9;770
2026;LE;Rottami di vetro;kg;Puglia;7;291380
2026;LE;Tessili;kg;Puglia;14;121870
2026;LI;Aggregati riciclati;kg;Toscana;5;268952967
2026;LI;Altro;kg;Toscana;23;55359114
2026;LI;Ammendante compostato verde;kg;Toscana;1;1048950
2026;LI;Carta e cartone;kg;Toscana;10;9806110
2026;LI;Granulato di Conglomerato bituminoso;kg;Toscana;20;4335441
2026;LI;Materiali ceramici;kg;Toscana;17;6012900
2026;LI;Rottami di alluminio;kg;Toscana;6;17560
2026;LI;Rottami di ferro e acciaio;kg;Toscana;8;5729377
2026;LO;Aggregati riciclati;kg;Lombardia;5;260087527
2026;LO;Altro;kg;Lombardia;23;91248900
2026;LO;Carta e cartone;kg;Lombardia;10;8165590
2026;LO;Correttivi da Fanghi;kg;Lombardia;18;56942660
2026;LO;Granulato di Conglomerato bituminoso;kg;Lombardia;20;2903860
2026;LO;Rottami di alluminio;kg;Lombardia;6;407102
2026;LO;Rottami di ferro e acciaio;kg;Lombardia;8;20075570
2026;LO;Rottami di rame;kg;Lombardia;9;144997
2026;LT;Aggregati riciclati;kg;Lazio;5;99927972
2026;LT;Altro;kg;Lazio;23;44903664
2026;LT;Carta e cartone;kg;Lazio;10;1130880
2026;LT;Gomma vulcanizzata da PFU;kg;Lazio;22;645482
2026;LT;Granulato di Conglomerato bituminoso;kg;Lazio;20;29107260
2026;LT;Plastica;kg;Lazio;11;1590240
2026;LT;Rottami di alluminio;kg;Lazio;6;6711302
2026;LT;Rottami di ferro e acciaio;kg;Lazio;8;5007123
2026;LT;Rottami di rame;kg;Lazio;9;9770
2026;LU;Aggregati riciclati;kg;Toscana;5;259774283
2026;LU;Altro;kg;Toscana;23;11523569
2026;LU;Carta e cartone;kg;Toscana;10;46022164
2026;LU;Granulato di Conglomerato bituminoso;kg;Toscana;20;35822956
2026;LU;Legno e sughero;kg;Toscana;12;157771
2026;LU;Plastica;kg;Toscana;11;2252336
2026;LU;Rottami di alluminio;kg;Toscana;6;62423
2026;LU;Rottami di ferro e acciaio;kg;Toscana;8;10048047
2026;LU;Rottami di rame;kg;Toscana;9;5442606
2026;LU;Tessili;kg;Toscana;14;119950
2026;MB;Aggregati riciclati;kg;Lombardia;5;441527732
2026;MB;Altro;kg;Lombardia;23;26337613
2026;MB;Carta e cartone;kg;Lombardia;10;55902060
2026;MB;Granulato di Conglomerato bituminoso;kg;Lombardia;20;21213270
2026;MB;Legno e sughero;kg;Lombardia;12;3859748
2026;MB;Plastica;kg;Lombardia;11;2097114
2026;MB;Rottami di alluminio;kg;Lombardia;6;4708030
2026;MB;Rottami di ferro e acciaio;kg;Lombardia;8;48082975
2026;MB;Rottami di rame;kg;Lombardia;9;628292
2026;MB;Tessili;kg;Lombardia;14;23011
2026;MC;Aggregati riciclati;kg;Marche;5;220441708
2026;MC;Altro;kg;Marche;23;14842027
2026;MC;Ammendante compostato misto;kg;Marche;2;286000
2026;MC;Ammendante compostato verde;kg;Marche;1;23300
2026;MC;Carta e cartone;kg;Marche;10;6585265
2026;MC;Gomma;kg;Marche;15;42030
2026;MC;Legno e sughero;kg;Marche;12;127170
2026;MC;Plastica;kg;Marche;11;2996261
2026;MC;Rottami di alluminio;kg;Marche;6;1981546
2026;MC;Rottami di ferro e acciaio;kg;Marche;8;21301644
2026;MC;Rottami di rame;kg;Marche;9;1938439
2026;MC;Tessili;kg;Marche;14;1485740
2026;ME;Aggregati riciclati;kg;Sicilia;5;75196576
2026;ME;Altri Ammendanti;kg;Sicilia;3;162620
2026;ME;Altro;kg;Sicilia;23;377630
2026;ME;Carta e cartone;kg;Sicilia;10;11972409
2026;ME;Granulato di Conglomerato bituminoso;kg;Sicilia;20;13475330
2026;ME;Materiali ceramici;kg;Sicilia;17;33290
2026;ME;Plastica;kg;Sicilia;11;17976
2026;ME;Tessili;kg;Sicilia;14;654080
2026;MI;Aggregati riciclati;kg;Lombardia;5;1226798345
2026;MI;Altro;kg;Lombardia;23;108796772
2026;MI;Ammendante compostato misto;kg;Lombardia;2;13728860
2026;MI;Ammendante compostato verde;kg;Lombardia;1;9053789
2026;MI;CSS – combustibile;kg;Lombardia;13;10079657
2026;MI;Carta e cartone;kg;Lombardia;10;327674230
2026;MI;Gomma vulcanizzata da PFU;kg;Lombardia;22;157
2026;MI;Granulato di Conglomerato bituminoso;kg;Lombardia;20;109815410
2026;MI;Legno e sughero;kg;Lombardia;12;5445240
2026;MI;Plastica;kg;Lombardia;11;20227172
2026;MI;Rottami di alluminio;kg;Lombardia;6;3822474
2026;MI;Rottami di ferro e acciaio;kg;Lombardia;8;262054243
2026;MI;Rottami di rame;kg;Lombardia;9;5883525
2026;MI;Rottami di vetro;kg;Lombardia;7;14013760
2026;MI;Tessili;kg;Lombardia;14;2903262
2026;MN;Aggregati riciclati;kg;Lombardia;5;292778099
2026;MN;Altri Ammendanti;kg;Lombardia;3;20060000
2026;MN;Altri Fertilizzanti;kg;Lombardia;19;17199140
2026;MN;Altro;kg;Lombardia;23;57371351
2026;MN;Ammendante compostato verde;kg;Lombardia;1;541700
2026;MN;CSS – combustibile;kg;Lombardia;13;750000
2026;MN;Carta e cartone;kg;Lombardia;10;32493420
2026;MN;Granulato di Conglomerato bituminoso;kg;Lombardia;20;19454200
2026;MN;Legno e sughero;kg;Lombardia;12;3244500
2026;MN;Plastica;kg;Lombardia;11;4504021
2026;MN;Rottami di alluminio;kg;Lombardia;6;340260
2026;MN;Rottami di ferro e acciaio;kg;Lombardia;8;7577087
2026;MN;Rottami di rame;kg;Lombardia;9;20300
2026;MN;Tessili;kg;Lombardia;14;887903
2026;MO;Aggregati riciclati;kg;Emilia Romagna;5;386003138
2026;MO;Altri Ammendanti;kg;Emilia Romagna;3;3250000
2026;MO;Altro;kg;Emilia Romagna;23;101183222
2026;MO;Ammendante compostato misto;kg;Emilia Romagna;2;5267840
2026;MO;Ammendante compostato verde;kg;Emilia Romagna;1;412380
2026;MO;CSS – combustibile;kg;Emilia Romagna;13;7350000
2026;MO;Carta e cartone;kg;Emilia Romagna;10;45730454
2026;MO;Cuoio;kg;Emilia Romagna;16;29360
2026;MO;Granulato di Conglomerato bituminoso;kg;Emilia Romagna;20;129017186
2026;MO;Materiali ceramici;kg;Emilia Romagna;17;105799600
2026;MO;Plastica;kg;Emilia Romagna;11;2210019
2026;MO;Rottami di alluminio;kg;Emilia Romagna;6;531713
2026;MO;Rottami di ferro e acciaio;kg;Emilia Romagna;8;69067115
2026;MO;Rottami di rame;kg;Emilia Romagna;9;111703
2026;MO;Rottami di vetro;kg;Emilia Romagna;7;81641992
2026;MS;Aggregati riciclati;kg;Toscana;5;37748575
2026;MS;Altro;kg;Toscana;23;14308287
2026;MS;Carta e cartone;kg;Toscana;10;990479
2026;MS;Granulato di Conglomerato bituminoso;kg;Toscana;20;4459360
2026;MS;Rottami di alluminio;kg;Toscana;6;3040
2026;MS;Rottami di ferro e acciaio;kg;Toscana;8;1055630
2026;MS;Rottami di rame;kg;Toscana;9;1166
2026;MT;Aggregati riciclati;kg;Basilicata;5;97072976
2026;MT;Altro;kg;Basilicata;23;1451051
2026;MT;CSS – combustibile;kg;Basilicata;13;4400000
2026;MT;Carta e cartone;kg;Basilicata;10;18455140
2026;MT;Granulato di Conglomerato bituminoso;kg;Basilicata;20;26104790
2026;MT;Plastica;kg;Basilicata;11;9639310
2026;MT;Rottami di alluminio;kg;Basilicata;6;82260
2026;MT;Rottami di ferro e acciaio;kg;Basilicata;8;6779677
2026;MT;Rottami di rame;kg;Basilicata;9;1399
2026;NA;Aggregati riciclati;kg;Campania;5;1113414106
2026;NA;Altro;kg;Campania;23;35631361
2026;NA;Ammendante compostato misto;kg;Campania;2;55267288
2026;NA;Carta e cartone;kg;Campania;10;82292408
2026;NA;Cuoio;kg;Campania;16;20000
2026;NA;Gomma vulcanizzata da PFU;kg;Campania;22;165490
2026;NA;Granulato di Conglomerato bituminoso;kg;Campania;20;248840
2026;NA;Materiali ceramici;kg;Campania;17;2406170
2026;NA;Plastica;kg;Campania;11;10292881
2026;NA;Rottami di alluminio;kg;Campania;6;1890269
2026;NA;Rottami di ferro e acciaio;kg;Campania;8;26278501
2026;NA;Rottami di rame;kg;Campania;9;879367
2026;NA;Rottami di vetro;kg;Campania;7;223220
2026;NA;Tessili;kg;Campania;14;13737500
2026;NO;Aggregati riciclati;kg;Piemonte;5;213700953
2026;NO;Altri Ammendanti;kg;Piemonte;3;15000000
2026;NO;Altro;kg;Piemonte;23;87988655
2026;NO;Ammendante compostato verde;kg;Piemonte;1;3824680
2026;NO;Carta e cartone;kg;Piemonte;10;4526210
2026;NO;Granulato di Conglomerato bituminoso;kg;Piemonte;20;32014426
2026;NO;Plastica;kg;Piemonte;11;12082946
2026;NO;Rottami di alluminio;kg;Piemonte;6;2145075
2026;NO;Rottami di ferro e acciaio;kg;Piemonte;8;9645245
2026;NO;Rottami di rame;kg;Piemonte;9;3350
2026;NU;Ammendante compostato misto;kg;Sardegna;2;2303210
2026;NU;Carta e cartone;kg;Sardegna;10;8991070
2026;NU;Granulato di Conglomerato bituminoso;kg;Sardegna;20;1900910
2026;NU;Plastica;kg;Sardegna;11;9580
2026;NU;Rottami di alluminio;kg;Sardegna;6;29520
2026;NU;Rottami di ferro e acciaio;kg;Sardegna;8;295628
2026;OG;Ammendante compostato misto;kg;Sardegna;2;1083030
2026;OR;Aggregati riciclati;kg;Sardegna;5;57277700
2026;OR;Altro;kg;Sardegna;23;2257495
2026;OR;Ammendante compostato misto;kg;Sardegna;2;5172960
2026;OR;Carta e cartone;kg;Sardegna;10;1740
2026;OR;Granulato di Conglomerato bituminoso;kg;Sardegna;20;1100000
2026;OR;Plastica;kg;Sardegna;11;916000
2026;OR;Rottami di ferro e acciaio;kg;Sardegna;8;1042500
2026;OT;Aggregati riciclati;kg;Sardegna;5;3503315
2026;PA;Aggregati riciclati;kg;Sicilia;5;557292410
2026;PA;Altro;kg;Sicilia;23;6624032
2026;PA;Carta e cartone;kg;Sicilia;10;14735834
2026;PA;Gomma;kg;Sicilia;15;1914300
2026;PA;Gomma vulcanizzata da PFU;kg;Sicilia;22;2415272
2026;PA;Granulato di Conglomerato bituminoso;kg;Sicilia;20;53038660
2026;PA;Plastica;kg;Sicilia;11;153153
2026;PA;Rottami di alluminio;kg;Sicilia;6;982676
2026;PA;Rottami di ferro e acciaio;kg;Sicilia;8;9205606
2026;PC;Aggregati riciclati;kg;Emilia Romagna;5;111058020
2026;PC;Altro;kg;Emilia Romagna;23;13282
2026;PC;Ammendante compostato misto;kg;Emilia Romagna;2;5342310
2026;PC;Ammendante compostato verde;kg;Emilia Romagna;1;2288740
2026;PC;Carta e cartone;kg;Emilia Romagna;10;14675580
2026;PC;Correttivi da Fanghi;kg;Emilia Romagna;18;23386820
2026;PC;Granulato di Conglomerato bituminoso;kg;Emilia Romagna;20;45463520
2026;PC;Legno e sughero;kg;Emilia Romagna;12;233961830
2026;PC;Plastica;kg;Emilia Romagna;11;3728499
2026;PC;Rottami di alluminio;kg;Emilia Romagna;6;440557
2026;PC;Rottami di ferro e acciaio;kg;Emilia Romagna;8;16418744
2026;PC;Rottami di rame;kg;Emilia Romagna;9;5330
2026;PD;Aggregati riciclati;kg;Veneto;5;378887812
2026;PD;Altro;kg;Veneto;23;127929447
2026;PD;Ammendante compostato misto;kg;Veneto;2;16415920
2026;PD;Carta e cartone;kg;Veneto;10;57168810
2026;PD;Gomma;kg;Veneto;15;220150
2026;PD;Granulato di Conglomerato bituminoso;kg;Veneto;20;95812850
2026;PD;Legno e sughero;kg;Veneto;12;458847
2026;PD;Plastica;kg;Veneto;11;15572018
2026;PD;Rottami di alluminio;kg;Veneto;6;5699067
2026;PD;Rottami di ferro e acciaio;kg;Veneto;8;273072219
2026;PD;Rottami di rame;kg;Veneto;9;3935545
2026;PD;Tessili;kg;Veneto;14;545835
2026;PE;Aggregati riciclati;kg;Abruzzo;5;101872288
2026;PE;Altro;kg;Abruzzo;23;145451
2026;PE;Carta e cartone;kg;Abruzzo;10;5743804
2026;PE;Gomma;kg;Abruzzo;15;1100
2026;PE;Gomma vulcanizzata da PFU;kg;Abruzzo;22;450
2026;PE;Granulato di Conglomerato bituminoso;kg;Abruzzo;20;21653890
2026;PE;Plastica;kg;Abruzzo;11;14694
2026;PE;Rottami di alluminio;kg;Abruzzo;6;58920
2026;PE;Rottami di ferro e acciaio;kg;Abruzzo;8;10706240
2026;PE;Rottami di rame;kg;Abruzzo;9;10370
2026;PE;Rottami di vetro;kg;Abruzzo;7;770
2026;PE;Tessili;kg;Abruzzo;14;250
2026;PG;Aggregati riciclati;kg;Umbria;5;271402425
2026;PG;Altro;kg;Umbria;23;20921042
2026;PG;Ammendante compostato misto;kg;Umbria;2;5814900
2026;PG;Ammendante compostato verde;kg;Umbria;1;990546
2026;PG;Carta e cartone;kg;Umbria;10;41959958
2026;PG;Granulato di Conglomerato bituminoso;kg;Umbria;20;57053343
2026;PG;Plastica;kg;Umbria;11;25154790
2026;PG;Rottami di alluminio;kg;Umbria;6;234502
2026;PG;Rottami di ferro e acciaio;kg;Umbria;8;58704653
2026;PG;Rottami di rame;kg;Umbria;9;566859
2026;PG;Rottami di vetro;kg;Umbria;7;100561756
2026;PG;Tessili;kg;Umbria;14;2157123
2026;PI;Aggregati riciclati;kg;Toscana;5;48351124
2026;PI;Altri Fertilizzanti;kg;Toscana;19;10393170
2026;PI;Altro;kg;Toscana;23;51160651
2026;PI;Ammendante compostato misto;kg;Toscana;2;838816
2026;PI;Carta e cartone;kg;Toscana;10;1355701
2026;PI;Granulato di Conglomerato bituminoso;kg;Toscana;20;28595239
2026;PI;Legno e sughero;kg;Toscana;12;8576132
2026;PI;Plastica;kg;Toscana;11;1393570
2026;PI;Rottami di alluminio;kg;Toscana;6;3811556
2026;PI;Rottami di ferro e acciaio;kg;Toscana;8;141670801
2026;PI;Rottami di rame;kg;Toscana;9;85970
2026;PN;Aggregati riciclati;kg;Friuli Venezia Giulia;5;387777526
2026;PN;Altro;kg;Friuli Venezia Giulia;23;57734673
2026;PN;Ammendante compostato misto;kg;Friuli Venezia Giulia;2;19900000
2026;PN;Ammendante compostato verde;kg;Friuli Venezia Giulia;1;5720292
2026;PN;Carta e cartone;kg;Friuli Venezia Giulia;10;14771630
2026;PN;Granulato di Conglomerato bituminoso;kg;Friuli Venezia Giulia;20;66459960
2026;PN;Legno e sughero;kg;Friuli Venezia Giulia;12;3628392
2026;PN;Plastica;kg;Friuli Venezia Giulia;11;1810838
2026;PN;Rottami di alluminio;kg;Friuli Venezia Giulia;6;239664
2026;PN;Rottami di ferro e acciaio;kg;Friuli Venezia Giulia;8;20386413
2026;PN;Rottami di rame;kg;Friuli Venezia Giulia;9;65237
2026;PN;Rottami di vetro;kg;Friuli Venezia Giulia;7;85010898
2026;PN;Tessili;kg;Friuli Venezia Giulia;14;54735
2026;PO;Aggregati riciclati;kg;Toscana;5;292931000
2026;PO;Altro;kg;Toscana;23;5271893
2026;PO;Carta e cartone;kg;Toscana;10;34796140
2026;PO;Plastica;kg;Toscana;11;250231
2026;PO;Rottami di alluminio;kg;Toscana;6;18600
2026;PO;Rottami di ferro e acciaio;kg;Toscana;8;7002175
2026;PO;Tessili;kg;Toscana;14;12270888
2026;PR;Aggregati riciclati;kg;Emilia Romagna;5;134983347
2026;PR;Altro;kg;Emilia Romagna;23;7062497
2026;PR;Ammendante compostato misto;kg;Emilia Romagna;2;53591
2026;PR;Carta e cartone;kg;Emilia Romagna;10;48290990
2026;PR;Gomma;kg;Emilia Romagna;15;2040
2026;PR;Granulato di Conglomerato bituminoso;kg;Emilia Romagna;20;23890860
2026;PR;Legno e sughero;kg;Emilia Romagna;12;345655
2026;PR;Plastica;kg;Emilia Romagna;11;4367591
2026;PR;Rottami di alluminio;kg;Emilia Romagna;6;399560
2026;PR;Rottami di ferro e acciaio;kg;Emilia Romagna;8;72741007
2026;PR;Rottami di rame;kg;Emilia Romagna;9;129745
2026;PR;Rottami di vetro;kg;Emilia Romagna;7;179150
2026;PR;Tessili;kg;Emilia Romagna;14;339860
2026;PT;Aggregati riciclati;kg;Toscana;5;117729405
2026;PT;Altro;kg;Toscana;23;33980
2026;PT;Carta e cartone;kg;Toscana;10;12915121
2026;PT;Granulato di Conglomerato bituminoso;kg;Toscana;20;60090994
2026;PT;Legno e sughero;kg;Toscana;12;340009
2026;PT;Plastica;kg;Toscana;11;481642
2026;PT;Rottami di alluminio;kg;Toscana;6;6430
2026;PT;Rottami di ferro e acciaio;kg;Toscana;8;5008490
2026;PT;Tessili;kg;Toscana;14;145
2026;PU;Aggregati riciclati;kg;Marche;5;43208783
2026;PU;Altro;kg;Marche;23;3904022
2026;PU;Ammendante compostato verde;kg;Marche;1;1315860
2026;PU;Carta e cartone;kg;Marche;10;9617150
2026;PU;Legno e sughero;kg;Marche;12;905700
2026;PU;Plastica;kg;Marche;11;238022
2026;PU;Rottami di alluminio;kg;Marche;6;1409757
2026;PU;Rottami di ferro e acciaio;kg;Marche;8;26213581
2026;PU;Rottami di rame;kg;Marche;9;10054
2026;PU;Rottami di vetro;kg;Marche;7;11272640
2026;PV;Aggregati riciclati;kg;Lombardia;5;653939625
2026;PV;Altri Ammendanti;kg;Lombardia;3;43513985
2026;PV;Altri Fertilizzanti;kg;Lombardia;19;5060000
2026;PV;Altro;kg;Lombardia;23;127562750
2026;PV;Ammendante compostato misto;kg;Lombardia;2;979900
2026;PV;Ammendante compostato verde;kg;Lombardia;1;2910000
2026;PV;Carta e cartone;kg;Lombardia;10;5394322
2026;PV;Correttivi da Fanghi;kg;Lombardia;18;145723050
2026;PV;Cuoio;kg;Lombardia;16;388210
2026;PV;Granulato di Conglomerato bituminoso;kg;Lombardia;20;39657600
2026;PV;Legno e sughero;kg;Lombardia;12;1518826
2026;PV;Plastica;kg;Lombardia;11;21368545
2026;PV;Rottami di alluminio;kg;Lombardia;6;381705
2026;PV;Rottami di ferro e acciaio;kg;Lombardia;8;13605057
2026;PV;Rottami di rame;kg;Lombardia;9;60095
2026;PZ;Aggregati riciclati;kg;Basilicata;5;89361717
2026;PZ;Altro;kg;Basilicata;23;93309
2026;PZ;CSS – combustibile;kg;Basilicata;13;7428591
2026;PZ;Carta e cartone;kg;Basilicata;10;3231889
2026;PZ;Gomma;kg;Basilicata;15;1370
2026;PZ;Gomma vulcanizzata da PFU;kg;Basilicata;22;6509810
2026;PZ;Granulato di Conglomerato bituminoso;kg;Basilicata;20;15022970
2026;PZ;Legno e sughero;kg;Basilicata;12;100
2026;PZ;Plastica;kg;Basilicata;11;1663129
2026;PZ;Rottami di alluminio;kg;Basilicata;6;2059902
2026;PZ;Rottami di ferro e acciaio;kg;Basilicata;8;185450666
2026;PZ;Rottami di vetro;kg;Basilicata;7;900
2026;RA;Aggregati riciclati;kg;Emilia Romagna;5;163441346
2026;RA;Altri Ammendanti;kg;Emilia Romagna;3;18675200
2026;RA;Altro;kg;Emilia Romagna;23;71320208
2026;RA;Ammendante compostato misto;kg;Emilia Romagna;2;4337900
2026;RA;Ammendante compostato verde;kg;Emilia Romagna;1;6080400
2026;RA;CSS – combustibile;kg;Emilia Romagna;13;14376200
2026;RA;Carta e cartone;kg;Emilia Romagna;10;20347500
2026;RA;Correttivi da Fanghi;kg;Emilia Romagna;18;43829380
2026;RA;Gomma;kg;Emilia Romagna;15;157260
2026;RA;Gomma vulcanizzata da PFU;kg;Emilia Romagna;22;325000
2026;RA;Granulato di Conglomerato bituminoso;kg;Emilia Romagna;20;2473840
2026;RA;Plastica;kg;Emilia Romagna;11;1102376
2026;RA;Rottami di alluminio;kg;Emilia Romagna;6;11890
2026;RA;Rottami di ferro e acciaio;kg;Emilia Romagna;8;27256704
2026;RA;Rottami di rame;kg;Emilia Romagna;9;1794703
2026;RC;Aggregati riciclati;kg;Calabria;5;95213472
2026;RC;Altri Ammendanti;kg;Calabria;3;23350
2026;RC;Altro;kg;Calabria;23;376015
2026;RC;Ammendante compostato misto;kg;Calabria;2;11631401
2026;RC;Ammendante compostato verde;kg;Calabria;1;52810
2026;RC;Carta e cartone;kg;Calabria;10;2227367
2026;RC;Legno e sughero;kg;Calabria;12;5250
2026;RC;Plastica;kg;Calabria;11;10750
2026;RC;Rottami di ferro e acciaio;kg;Calabria;8;319000
2026;RE;Aggregati riciclati;kg;Emilia Romagna;5;121482581
2026;RE;Altri Ammendanti;kg;Emilia Romagna;3;17386250
2026;RE;Altro;kg;Emilia Romagna;23;11513927
2026;RE;Ammendante compostato misto;kg;Emilia Romagna;2;5777800
2026;RE;Carta e cartone;kg;Emilia Romagna;10;15067565
2026;RE;Correttivi da Fanghi;kg;Emilia Romagna;18;2231810
2026;RE;Granulato di Conglomerato bituminoso;kg;Emilia Romagna;20;3804960
2026;RE;Legno e sughero;kg;Emilia Romagna;12;29835230
2026;RE;Materiali ceramici;kg;Emilia Romagna;17;11997490
2026;RE;Plastica;kg;Emilia Romagna;11;2623329
2026;RE;Rottami di alluminio;kg;Emilia Romagna;6;609055
2026;RE;Rottami di ferro e acciaio;kg;Emilia Romagna;8;36617913
2026;RE;Rottami di rame;kg;Emilia Romagna;9;40175
2026;RE;Rottami di vetro;kg;Emilia Romagna;7;2520
2026;RE;Tessili;kg;Emilia Romagna;14;768875
2026;RG;Aggregati riciclati;kg;Sicilia;5;111359249
2026;RG;Altri Ammendanti;kg;Sicilia;3;125950
2026;RG;Altro;kg;Sicilia;23;456382
2026;RG;Ammendante compostato misto;kg;Sicilia;2;1981965
2026;RG;Carta e cartone;kg;Sicilia;10;379790
2026;RG;Granulato di Conglomerato bituminoso;kg;Sicilia;20;4240385
2026;RG;Legno e sughero;kg;Sicilia;12;2700
2026;RG;Plastica;kg;Sicilia;11;20530876
2026;RG;Rottami di alluminio;kg;Sicilia;6;111210
2026;RG;Rottami di ferro e acciaio;kg;Sicilia;8;57231
2026;RI;Aggregati riciclati;kg;Lazio;5;71285042
2026;RI;Altro;kg;Lazio;23;6753118
2026;RM;Aggregati riciclati;kg;Lazio;5;163275974
2026;RM;Altro;kg;Lazio;23;20176190
2026;RM;Ammendante compostato misto;kg;Lazio;2;2280710
2026;RM;Ammendante compostato verde;kg;Lazio;1;4358590
2026;RM;CSS – combustibile;kg;Lazio;13;12910360
2026;RM;Carta e cartone;kg;Lazio;10;150890025
2026;RM;Granulato di Conglomerato bituminoso;kg;Lazio;20;243409422
2026;RM;Legno e sughero;kg;Lazio;12;74060
2026;RM;Plastica;kg;Lazio;11;2412343
2026;RM;Rottami di alluminio;kg;Lazio;6;7730477
2026;RM;Rottami di ferro e acciaio;kg;Lazio;8;104979780
2026;RM;Rottami di rame;kg;Lazio;9;1393749
2026;RM;Tessili;kg;Lazio;14;664427
2026;RN;Aggregati riciclati;kg;Emilia Romagna;5;335803913
2026;RN;Altro;kg;Emilia Romagna;23;13463486
2026;RN;Ammendante compostato misto;kg;Emilia Romagna;2;1924960
2026;RN;CSS – combustibile;kg;Emilia Romagna;13;633100
2026;RN;Carta e cartone;kg;Emilia Romagna;10;16166390
2026;RN;Granulato di Conglomerato bituminoso;kg;Emilia Romagna;20;48527752
2026;RN;Plastica;kg;Emilia Romagna;11;87373
2026;RN;Rottami di alluminio;kg;Emilia Romagna;6;834103
2026;RN;Rottami di ferro e acciaio;kg;Emilia Romagna;8;20408630
2026;RN;Rottami di rame;kg;Emilia Romagna;9;76775
2026;RO;Aggregati riciclati;kg;Veneto;5;118780930
2026;RO;Carta e cartone;kg;Veneto;10;20529340
2026;RO;Granulato di Conglomerato bituminoso;kg;Veneto;20;72651230
2026;RO;Plastica;kg;Veneto;11;14143881
2026;RO;Rottami di alluminio;kg;Veneto;6;15940
2026;RO;Rottami di ferro e acciaio;kg;Veneto;8;5441895
2026;RO;Rottami di rame;kg;Veneto;9;20574
2026;RO;Rottami di vetro;kg;Veneto;7;138700
2026;SA;Aggregati riciclati;kg;Campania;5;599191679
2026;SA;Altro;kg;Campania;23;24392435
2026;SA;CSS – combustibile;kg;Campania;13;9810000
2026;SA;Carta e cartone;kg;Campania;10;83584247
2026;SA;Gomma vulcanizzata da PFU;kg;Campania;22;272557
2026;SA;Granulato di Conglomerato bituminoso;kg;Campania;20;10818740
2026;SA;Legno e sughero;kg;Campania;12;385590
2026;SA;Plastica;kg;Campania;11;14259281
2026;SA;Rottami di alluminio;kg;Campania;6;1192171
2026;SA;Rottami di ferro e acciaio;kg;Campania;8;76320598
2026;SA;Rottami di rame;kg;Campania;9;364720
2026;SA;Rottami di vetro;kg;Campania;7;7865440
2026;SA;Tessili;kg;Campania;14;78337
2026;SI;Aggregati riciclati;kg;Toscana;5;181402901
2026;SI;Altro;kg;Toscana;23;1354740
2026;SI;Ammendante compostato misto;kg;Toscana;2;3414707
2026;SI;Carta e cartone;kg;Toscana;10;9962721
2026;SI;Granulato di Conglomerato bituminoso;kg;Toscana;20;4000000
2026;SI;Plastica;kg;Toscana;11;21910
2026;SI;Rottami di alluminio;kg;Toscana;6;65323
2026;SI;Rottami di ferro e acciaio;kg;Toscana;8;5422221
2026;SI;Rottami di rame;kg;Toscana;9;36000
2026;SO;Aggregati riciclati;kg;Lombardia;5;162228916
2026;SO;Altro;kg;Lombardia;23;49298343
2026;SO;Carta e cartone;kg;Lombardia;10;1518390
2026;SO;Granulato di Conglomerato bituminoso;kg;Lombardia;20;31083589
2026;SO;Legno e sughero;kg;Lombardia;12;9200
2026;SO;Plastica;kg;Lombardia;11;400
2026;SO;Rottami di ferro e acciaio;kg;Lombardia;8;3922771
2026;SP;Aggregati riciclati;kg;Liguria;5;238559905
2026;SP;Altro;kg;Liguria;23;30317
2026;SP;Carta e cartone;kg;Liguria;10;6531163
2026;SP;Legno e sughero;kg;Liguria;12;1550
2026;SP;Rottami di alluminio;kg;Liguria;6;19430
2026;SP;Rottami di ferro e acciaio;kg;Liguria;8;10979138
2026;SP;Rottami di rame;kg;Liguria;9;14820
2026;SR;Aggregati riciclati;kg;Sicilia;5;67823430
2026;SR;Altri Ammendanti;kg;Sicilia;3;14392177
2026;SR;Altro;kg;Sicilia;23;6172380
2026;SR;Carta e cartone;kg;Sicilia;10;14474760
2026;SR;Plastica;kg;Sicilia;11;248003
2026;SR;Rottami di alluminio;kg;Sicilia;6;85720
2026;SR;Rottami di ferro e acciaio;kg;Sicilia;8;22350620
2026;SR;Rottami di rame;kg;Sicilia;9;8384
2026;SS;Aggregati riciclati;kg;Sardegna;5;47342580
2026;SS;Altro;kg;Sardegna;23;5714616
2026;SS;Ammendante compostato misto;kg;Sardegna;2;2512470
2026;SS;Ammendante compostato verde;kg;Sardegna;1;607520
2026;SS;Carta e cartone;kg;Sardegna;10;15410270
2026;SS;Granulato di Conglomerato bituminoso;kg;Sardegna;20;1405740
2026;SS;Legno e sughero;kg;Sardegna;12;240780
2026;SS;Plastica;kg;Sardegna;11;680
2026;SS;Rottami di alluminio;kg;Sardegna;6;50870
2026;SS;Rottami di ferro e acciaio;kg;Sardegna;8;6516281
2026;SS;Rottami di rame;kg;Sardegna;9;31840
2026;SU;Aggregati riciclati;kg;Sardegna;5;55574667
2026;SU;Altro;kg;Sardegna;23;1704817
2026;SU;Ammendante compostato misto;kg;Sardegna;2;12795260
2026;SU;Ammendante compostato verde;kg;Sardegna;1;116387
2026;SU;Carta e cartone;kg;Sardegna;10;15641200
2026;SU;Granulato di Conglomerato bituminoso;kg;Sardegna;20;1673040
2026;SU;Rottami di ferro e acciaio;kg;Sardegna;8;1613933
2026;SV;Aggregati riciclati;kg;Liguria;5;23066292
2026;SV;Altro;kg;Liguria;23;50418444
2026;SV;Ammendante compostato misto;kg;Liguria;2;1808190
2026;SV;Ammendante compostato verde;kg;Liguria;1;2012160
2026;SV;Carta e cartone;kg;Liguria;10;15730621
2026;SV;Granulato di Conglomerato bituminoso;kg;Liguria;20;5636912
2026;SV;Legno e sughero;kg;Liguria;12;884958
2026;SV;Rottami di alluminio;kg;Liguria;6;1174636
2026;SV;Rottami di ferro e acciaio;kg;Liguria;8;19185781
2026;SV;Rottami di rame;kg;Liguria;9;4555
2026;SV;Rottami di vetro;kg;Liguria;7;100526479
2026;TA;Aggregati riciclati;kg;Puglia;5;134926679
2026;TA;Altri Ammendanti;kg;Puglia;3;7850000
2026;TA;Altro;kg;Puglia;23;1992381
2026;TA;Ammendante compostato misto;kg;Puglia;2;7955380
2026;TA;CSS – combustibile;kg;Puglia;13;7460080
2026;TA;Carta e cartone;kg;Puglia;10;17598533
2026;TA;Granulato di Conglomerato bituminoso;kg;Puglia;20;4184170
2026;TA;Plastica;kg;Puglia;11;20942427
2026;TA;Rottami di alluminio;kg;Puglia;6;96860
2026;TA;Rottami di ferro e acciaio;kg;Puglia;8;13236544
2026;TA;Rottami di rame;kg;Puglia;9;19990
2026;TA;Tessili;kg;Puglia;14;35360
2026;TE;Aggregati riciclati;kg;Abruzzo;5;128708995
2026;TE;Altro;kg;Abruzzo;23;9814635
2026;TE;Ammendante compostato misto;kg;Abruzzo;2;1111475
2026;TE;Carta e cartone;kg;Abruzzo;10;16245220
2026;TE;Granulato di Conglomerato bituminoso;kg;Abruzzo;20;21908126
2026;TE;Legno e sughero;kg;Abruzzo;12;7576848
2026;TE;Plastica;kg;Abruzzo;11;21911863
2026;TE;Rottami di alluminio;kg;Abruzzo;6;1060145
2026;TE;Rottami di ferro e acciaio;kg;Abruzzo;8;39302328
2026;TE;Rottami di rame;kg;Abruzzo;9;187058
2026;TE;Rottami di vetro;kg;Abruzzo;7;214000
2026;TE;Tessili;kg;Abruzzo;14;8200
2026;TN;Aggregati riciclati;kg;Trentino Alto Adige;5;476956093
2026;TN;Altro;kg;Trentino Alto Adige;23;9164340
2026;TN;Ammendante compostato misto;kg;Trentino Alto Adige;2;19920771
2026;TN;Carta e cartone;kg;Trentino Alto Adige;10;59203206
2026;TN;Granulato di Conglomerato bituminoso;kg;Trentino Alto Adige;20;108431650
2026;TN;Legno e sughero;kg;Trentino Alto Adige;12;5157747
2026;TN;Plastica;kg;Trentino Alto Adige;11;2898115
2026;TN;Rottami di alluminio;kg;Trentino Alto Adige;6;405131
2026;TN;Rottami di ferro e acciaio;kg;Trentino Alto Adige;8;117543778
2026;TN;Rottami di rame;kg;Trentino Alto Adige;9;111470
2026;TN;Tessili;kg;Trentino Alto Adige;14;691475
2026;TO;Aggregati riciclati;kg;Piemonte;5;998667788
2026;TO;Altri Ammendanti;kg;Piemonte;3;2668030
2026;TO;Altro;kg;Piemonte;23;24020666
2026;TO;Ammendante compostato misto;kg;Piemonte;2;5805316
2026;TO;Ammendante compostato verde;kg;Piemonte;1;6459013
2026;TO;Carta e cartone;kg;Piemonte;10;91368929
2026;TO;Correttivi da Fanghi;kg;Piemonte;18;8290
2026;TO;Gomma;kg;Piemonte;15;1107379
2026;TO;Gomma vulcanizzata da PFU;kg;Piemonte;22;3270031
2026;TO;Granulato di Conglomerato bituminoso;kg;Piemonte;20;253416304
2026;TO;Legno e sughero;kg;Piemonte;12;11277938
2026;TO;Materiali secondari derivanti dal recupero di prodotti assorbenti per la persona;kg;Piemonte;21;131348
2026;TO;Plastica;kg;Piemonte;11;13808995
2026;TO;Rottami di alluminio;kg;Piemonte;6;5071694
2026;TO;Rottami di ferro e acciaio;kg;Piemonte;8;284149297
2026;TO;Rottami di rame;kg;Piemonte;9;4873994
2026;TO;Tessili;kg;Piemonte;14;87033
2026;TP;Aggregati riciclati;kg;Sicilia;5;135346848
2026;TP;Altro;kg;Sicilia;23;6223322
2026;TP;Ammendante compostato misto;kg;Sicilia;2;4222000
2026;TP;Ammendante compostato verde;kg;Sicilia;1;1095959
2026;TP;Carta e cartone;kg;Sicilia;10;6749770
2026;TR;Aggregati riciclati;kg;Umbria;5;252102536
2026;TR;Altro;kg;Umbria;23;9501890
2026;TR;Ammendante compostato misto;kg;Umbria;2;2683980
2026;TR;Carta e cartone;kg;Umbria;10;10515150
2026;TR;Gomma;kg;Umbria;15;160
2026;TR;Gomma vulcanizzata da PFU;kg;Umbria;22;1587885
2026;TR;Granulato di Conglomerato bituminoso;kg;Umbria;20;42454181
2026;TR;Legno e sughero;kg;Umbria;12;139420
2026;TR;Plastica;kg;Umbria;11;11764244
2026;TR;Rottami di alluminio;kg;Umbria;6;550657
2026;TR;Rottami di ferro e acciaio;kg;Umbria;8;19999678
2026;TR;Rottami di rame;kg;Umbria;9;313
2026;TS;Aggregati riciclati;kg;Friuli Venezia Giulia;5;12075000
2026;TS;Ammendante compostato misto;kg;Friuli Venezia Giulia;2;20240
2026;TS;Carta e cartone;kg;Friuli Venezia Giulia;10;8526715
2026;TS;Rottami di ferro e acciaio;kg;Friuli Venezia Giulia;8;3659701
2026;TS;Rottami di rame;kg;Friuli Venezia Giulia;9;27348
2026;TV;Aggregati riciclati;kg;Veneto;5;539415744
2026;TV;Altro;kg;Veneto;23;57921216
2026;TV;Ammendante compostato misto;kg;Veneto;2;10043010
2026;TV;Ammendante compostato verde;kg;Veneto;1;408112
2026;TV;Carta e cartone;kg;Veneto;10;121705243
2026;TV;Gomma vulcanizzata da PFU;kg;Veneto;22;3142400
2026;TV;Granulato di Conglomerato bituminoso;kg;Veneto;20;119876616
2026;TV;Legno e sughero;kg;Veneto;12;4460860
2026;TV;Materiali ceramici;kg;Veneto;17;361940
2026;TV;Plastica;kg;Veneto;11;41862790
2026;TV;Rottami di alluminio;kg;Veneto;6;2610101
2026;TV;Rottami di ferro e acciaio;kg;Veneto;8;204296413
2026;TV;Rottami di rame;kg;Veneto;9;736637
2026;UD;Aggregati riciclati;kg;Friuli Venezia Giulia;5;9291454123
2026;UD;Altro;kg;Friuli Venezia Giulia;23;4191684
2026;UD;Ammendante compostato verde;kg;Friuli Venezia Giulia;1;5193670
2026;UD;Carta e cartone;kg;Friuli Venezia Giulia;10;21829880
2026;UD;Granulato di Conglomerato bituminoso;kg;Friuli Venezia Giulia;20;40474850
2026;UD;Legno e sughero;kg;Friuli Venezia Giulia;12;13106029
2026;UD;Plastica;kg;Friuli Venezia Giulia;11;18335118
2026;UD;Rottami di alluminio;kg;Friuli Venezia Giulia;6;796778
2026;UD;Rottami di ferro e acciaio;kg;Friuli Venezia Giulia;8;1130868764
2026;UD;Rottami di rame;kg;Friuli Venezia Giulia;9;554415
2026;UD;Rottami di vetro;kg;Friuli Venezia Giulia;7;62480
2026;UD;Tessili;kg;Friuli Venezia Giulia;14;56130
2026;VA;Aggregati riciclati;kg;Lombardia;5;248107960
2026;VA;Altro;kg;Lombardia;23;50701495
2026;VA;Ammendante compostato verde;kg;Lombardia;1;3027190
2026;VA;Carta e cartone;kg;Lombardia;10;34054585
2026;VA;Granulato di Conglomerato bituminoso;kg;Lombardia;20;25953100
2026;VA;Legno e sughero;kg;Lombardia;12;3498773
2026;VA;Plastica;kg;Lombardia;11;30936390
2026;VA;Rottami di alluminio;kg;Lombardia;6;4247863
2026;VA;Rottami di ferro e acciaio;kg;Lombardia;8;51909341
2026;VA;Rottami di rame;kg;Lombardia;9;1739271
2026;VA;Rottami di vetro;kg;Lombardia;7;299665139
2026;VA;Tessili;kg;Lombardia;14;336142
2026;VB;Aggregati riciclati;kg;Piemonte;5;26586120
2026;VB;Altro;kg;Piemonte;23;1164336
2026;VB;Carta e cartone;kg;Piemonte;10;6042510
2026;VB;Granulato di Conglomerato bituminoso;kg;Piemonte;20;3622060
2026;VB;Legno e sughero;kg;Piemonte;12;40000
2026;VB;Rottami di alluminio;kg;Piemonte;6;28686874
2026;VB;Rottami di ferro e acciaio;kg;Piemonte;8;39353582
2026;VC;Aggregati riciclati;kg;Piemonte;5;236268144
2026;VC;Altro;kg;Piemonte;23;41293429
2026;VC;Ammendante compostato misto;kg;Piemonte;2;1652830
2026;VC;Carta e cartone;kg;Piemonte;10;21856978
2026;VC;Granulato di Conglomerato bituminoso;kg;Piemonte;20;4164060
2026;VC;Legno e sughero;kg;Piemonte;12;542845
2026;VC;Plastica;kg;Piemonte;11;407383
2026;VC;Rottami di alluminio;kg;Piemonte;6;10461
2026;VC;Rottami di ferro e acciaio;kg;Piemonte;8;1154866
2026;VC;Rottami di rame;kg;Piemonte;9;1853
2026;VE;Aggregati riciclati;kg;Veneto;5;198916065
2026;VE;Altro;kg;Veneto;23;41955685
2026;VE;Ammendante compostato verde;kg;Veneto;1;4335209
2026;VE;CSS – combustibile;kg;Veneto;13;2154660
2026;VE;Carta e cartone;kg;Veneto;10;61919569
2026;VE;Granulato di Conglomerato bituminoso;kg;Veneto;20;21702550
2026;VE;Legno e sughero;kg;Veneto;12;3997945
2026;VE;Plastica;kg;Veneto;11;7255044
2026;VE;Rottami di alluminio;kg;Veneto;6;3117417
2026;VE;Rottami di ferro e acciaio;kg;Veneto;8;98345902
2026;VE;Rottami di rame;kg;Veneto;9;1607232
2026;VE;Rottami di vetro;kg;Veneto;7;44275500
2026;VE;Tessili;kg;Veneto;14;292931
2026;VI;Aggregati riciclati;kg;Veneto;5;450403823
2026;VI;Altri Fertilizzanti;kg;Veneto;19;14931630
2026;VI;Altro;kg;Veneto;23;78675145
2026;VI;Ammendante compostato misto;kg;Veneto;2;792500
2026;VI;Ammendante compostato verde;kg;Veneto;1;3525514
2026;VI;Carta e cartone;kg;Veneto;10;64669202
2026;VI;Gomma;kg;Veneto;15;50449
2026;VI;Granulato di Conglomerato bituminoso;kg;Veneto;20;59649880
2026;VI;Legno e sughero;kg;Veneto;12;21871697
2026;VI;Plastica;kg;Veneto;11;26453842
2026;VI;Rottami di alluminio;kg;Veneto;6;5037341
2026;VI;Rottami di ferro e acciaio;kg;Veneto;8;138175216
2026;VI;Rottami di rame;kg;Veneto;9;4611761
2026;VI;Rottami di vetro;kg;Veneto;7;178969080
2026;VI;Tessili;kg;Veneto;14;231804
2026;VR;Aggregati riciclati;kg;Veneto;5;6391229472
2026;VR;Altri Ammendanti;kg;Veneto;3;77901690
2026;VR;Altri Fertilizzanti;kg;Veneto;19;1104370
2026;VR;Altro;kg;Veneto;23;155990739
2026;VR;Ammendante compostato misto;kg;Veneto;2;8202830
2026;VR;Ammendante compostato verde;kg;Veneto;1;1432740
2026;VR;CSS – combustibile;kg;Veneto;13;523150
2026;VR;Carta e cartone;kg;Veneto;10;89070209
2026;VR;Digestato;kg;Veneto;4;30000
2026;VR;Gomma vulcanizzata da PFU;kg;Veneto;22;13000
2026;VR;Granulato di Conglomerato bituminoso;kg;Veneto;20;158740940
2026;VR;Legno e sughero;kg;Veneto;12;4242190
2026;VR;Plastica;kg;Veneto;11;6941069
2026;VR;Rottami di alluminio;kg;Veneto;6;2900298
2026;VR;Rottami di ferro e acciaio;kg;Veneto;8;272922557
2026;VR;Rottami di rame;kg;Veneto;9;1462053
2026;VT;Aggregati riciclati;kg;Lazio;5;84260072
2026;VT;Altro;kg;Lazio;23;23743035
2026;VT;Ammendante compostato misto;kg;Lazio;2;6484226
2026;VT;Ammendante compostato verde;kg;Lazio;1;332500
2026;VT;Carta e cartone;kg;Lazio;10;17045374
2026;VT;Granulato di Conglomerato bituminoso;kg;Lazio;20;58843860
2026;VT;Rottami di alluminio;kg;Lazio;6;1085990
2026;VT;Rottami di ferro e acciaio;kg;Lazio;8;4564668
2026;VT;Rottami di rame;kg;Lazio;9;14140
2026;VT;Tessili;kg;Lazio;14;250344
2026;VV;Aggregati riciclati;kg;Calabria;5;5984121
2026;VV;Altro;kg;Calabria;23;56660
2026;VV;Carta e cartone;kg;Calabria;10;2788920
